chr_start	GSM5956324	GSM5956325	GSM5956326	GSM5956336	GSM5956337	GSM5956338
chr1_203647	0.0	0.0	0.0	0.0	0.0	0.0
chr1_23267615	0.0	0.0	0.0	0.0	0.0	0.0
chr1_34567452	0.0	0.0	0.0	0.0	0.0	0.0
chr1_35647729	0.0	0.0	0.0	0.0	0.0	0.0
chr1_61576839	0.0	0.0	0.0	0.0	0.0	0.0
chr1_78562834	0.0	0.0	0.0	0.0	2.0	0.0
chr1_78848044	0.0	0.0	0.0	0.0	0.0	0.0
chr1_91247679	0.0	0.0	0.0	0.0	0.0	0.0
chr1_95292661	0.0	0.0	0.0	0.0	0.0	0.0
chr1_96437501	0.0	0.0	0.0	0.0	0.0	0.0
chr1_96853795	0.0	0.0	0.0	0.0	0.0	0.0
chr1_104770633	0.0	0.0	0.0	0.0	0.0	0.0
chr1_104774633	0.0	0.0	0.0	0.0	0.0	0.0
chr1_105820910	0.0	0.0	0.0	0.0	0.0	0.0
chr1_115790739	0.0	0.0	0.0	0.0	0.0	0.0
chr1_120188494	0.0	0.0	0.0	0.0	0.0	0.0
chr1_122988552	0.0	2.0	0.0	0.0	0.0	0.0
chr1_122997552	0.0	0.0	0.0	0.0	0.0	0.0
chr1_123063594	0.0	0.0	0.0	0.0	0.0	0.0
chr1_123191199	0.0	0.0	0.0	0.0	0.0	0.0
chr1_123283762	0.0	0.0	0.0	0.0	0.0	0.0
chr1_123358325	0.0	0.0	0.0	0.0	0.0	0.0
chr1_123441888	0.0	0.0	0.0	0.0	0.0	0.0
chr1_123462888	0.0	0.0	0.0	0.0	0.0	0.0
chr1_123514930	0.0	0.0	0.0	0.0	0.0	0.0
chr1_123519930	0.0	0.0	0.0	0.0	0.0	0.0
chr1_123668056	2.0	0.0	0.0	0.0	0.0	0.0
chr1_124141392	0.0	0.0	0.0	0.0	0.0	0.0
chr1_124330039	0.0	0.0	0.0	0.0	0.0	0.0
chr1_124346039	0.0	0.0	0.0	0.0	0.0	0.0
chr1_143184420	4.0	4.0	8.0	6.0	0.0	4.0
chr1_143191420	28.0	27.0	22.0	20.0	22.0	28.0
chr1_143199420	2.0	8.0	2.0	2.0	4.0	12.0
chr1_143211941	16.0	22.0	6.0	10.0	14.0	13.0
chr1_143214941	44.0	35.0	17.0	12.0	17.0	10.0
chr1_143220941	4.0	8.0	4.0	1.0	2.0	3.0
chr1_143230941	2.0	7.0	4.0	4.0	0.0	2.0
chr1_143232462	8.0	20.0	12.0	12.0	14.0	6.0
chr1_143238462	10.0	19.0	9.0	14.0	6.0	10.0
chr1_143249462	0.0	4.0	0.0	6.0	0.0	0.0
chr1_143251462	6.0	10.0	2.0	4.0	2.0	0.0
chr1_143253462	10.0	16.0	8.0	12.0	8.0	26.0
chr1_143261983	36.0	35.0	16.0	24.0	12.0	22.0
chr1_143290504	0.0	0.0	0.0	0.0	0.0	0.0
chr1_143328025	0.0	0.0	0.0	0.0	0.0	0.0
chr1_144094092	0.0	0.0	0.0	0.0	0.0	0.0
chr1_144097092	0.0	0.0	0.0	0.0	0.0	0.0
chr1_144107092	0.0	0.0	0.0	0.0	0.0	0.0
chr1_144115092	0.0	0.0	0.0	0.0	0.0	0.0
chr1_144250697	0.0	0.0	0.0	0.0	0.0	0.0
chr1_144599949	0.0	0.0	0.0	0.0	0.0	0.0
chr1_144614470	0.0	0.0	0.0	2.0	0.0	0.0
chr1_145125848	0.0	0.0	0.0	0.0	0.0	0.0
chr1_145223411	0.0	0.0	0.0	0.0	0.0	0.0
chr1_145257453	0.0	0.0	2.0	0.0	0.0	0.0
chr1_146419293	0.0	0.0	0.0	2.0	0.0	0.0
chr1_147089797	0.0	0.0	0.0	0.0	0.0	0.0
chr1_148681973	0.0	0.0	0.0	0.0	0.0	0.0
chr1_148693973	0.0	0.0	0.0	0.0	0.0	0.0
chr1_148702973	0.0	0.0	0.0	0.0	0.0	0.0
chr1_148705973	0.0	0.0	0.0	0.0	0.0	0.0
chr1_148762015	0.0	0.0	0.0	0.0	0.0	0.0
chr1_149336956	0.0	0.0	0.0	0.0	0.0	0.0
chr1_149597645	0.0	0.0	2.0	0.0	0.0	0.0
chr1_157342836	0.0	0.0	0.0	0.0	0.0	0.0
chr1_158120424	0.0	0.0	0.0	0.0	0.0	0.0
chr1_158238508	0.0	0.0	0.0	0.0	0.0	0.0
chr1_158316550	0.0	0.0	0.0	0.0	0.0	0.0
chr1_162453095	0.0	0.0	0.0	0.0	0.0	0.0
chr1_163751061	0.0	0.0	0.0	0.0	0.0	0.0
chr1_164220397	0.0	0.0	0.0	0.0	0.0	0.0
chr1_164460086	2.0	0.0	0.0	0.0	0.0	0.0
chr1_170089723	0.0	0.0	0.0	0.0	0.0	0.0
chr1_172650613	0.0	0.0	0.0	0.0	0.0	0.0
chr1_172759697	0.0	0.0	0.0	0.0	0.0	0.0
chr1_186638903	0.0	0.0	0.0	0.0	0.0	0.0
chr1_188558331	0.0	2.0	0.0	0.0	0.0	0.0
chr1_195924749	0.0	0.0	0.0	0.0	0.0	0.0
chr1_197789614	0.0	0.0	0.0	0.0	0.0	0.0
chr1_197831656	0.0	0.0	0.0	0.0	0.0	0.0
chr1_200187378	0.0	0.0	0.0	0.0	0.0	0.0
chr1_209140972	0.0	0.0	0.0	0.0	0.0	0.0
chr1_218012003	2.0	0.0	0.0	0.0	0.0	0.0
chr1_220995708	0.0	0.0	0.0	2.0	0.0	0.0
chr1_221383002	0.0	0.0	0.0	0.0	0.0	0.0
chr1_223068741	0.0	0.0	0.0	0.0	0.0	0.0
chr1_223923371	0.0	0.0	0.0	0.0	2.0	0.0
chr1_223926371	0.0	0.0	0.0	0.0	2.0	2.0
chr1_223932371	0.0	2.0	0.0	0.0	0.0	0.0
chr1_224338665	0.0	0.0	0.0	0.0	0.0	0.0
chr1_232278024	0.0	0.0	0.0	0.0	0.0	0.0
chr1_237020510	0.0	0.0	0.0	0.0	0.0	0.0
chr1_237023510	0.0	0.0	0.0	0.0	0.0	0.0
chr1_242045206	0.0	0.0	0.0	0.0	0.0	0.0
chr1_246716650	0.0	0.0	0.0	0.0	0.0	0.0
chr1_248255784	0.0	0.0	0.0	0.0	0.0	0.0
chr2_4401234	0.0	0.0	0.0	0.0	0.0	0.0
chr2_4734486	0.0	0.0	0.0	0.0	0.0	0.0
chr2_4737486	0.0	0.0	0.0	0.0	0.0	0.0
chr2_7106729	0.0	0.0	0.0	0.0	0.0	0.0
chr2_9831224	0.0	0.0	0.0	0.0	0.0	0.0
chr2_10542249	0.0	0.0	0.0	0.0	0.0	0.0
chr2_13355828	0.0	0.0	0.0	0.0	0.0	0.0
chr2_14503668	0.0	2.0	0.0	0.0	0.0	0.0
chr2_28671605	0.0	0.0	0.0	0.0	0.0	0.0
chr2_31515705	0.0	0.0	0.0	0.0	0.0	0.0
chr2_35802855	0.0	0.0	0.0	0.0	0.0	0.0
chr2_35964981	0.0	0.0	0.0	0.0	0.0	0.0
chr2_39168333	0.0	0.0	0.0	0.0	0.0	0.0
chr2_42992147	0.0	0.0	0.0	0.0	0.0	0.0
chr2_44010903	0.0	0.0	0.0	0.0	0.0	0.0
chr2_45059659	0.0	0.0	0.0	0.0	0.0	0.0
chr2_57271168	2.0	0.0	0.0	0.0	0.0	0.0
chr2_57283168	0.0	0.0	0.0	0.0	0.0	0.0
chr2_57418773	0.0	0.0	2.0	2.0	0.0	0.0
chr2_57587899	0.0	2.0	0.0	2.0	0.0	0.0
chr2_60141268	0.0	0.0	0.0	0.0	0.0	0.0
chr2_69004299	0.0	0.0	0.0	0.0	0.0	0.0
chr2_73181365	0.0	0.0	0.0	0.0	0.0	0.0
chr2_76723490	0.0	2.0	0.0	0.0	0.0	0.0
chr2_81351892	0.0	0.0	0.0	0.0	0.0	0.0
chr2_81354892	0.0	2.0	0.0	0.0	0.0	0.0
chr2_83769177	0.0	0.0	0.0	0.0	0.0	0.0
chr2_90260444	0.0	0.0	0.0	0.0	0.0	0.0
chr2_90265444	0.0	0.0	0.0	0.0	2.0	0.0
chr2_92861855	0.0	0.0	0.0	0.0	0.0	0.0
chr2_92950939	0.0	0.0	0.0	0.0	0.0	0.0
chr2_93139065	0.0	0.0	0.0	0.0	0.0	0.0
chr2_93564880	0.0	0.0	0.0	0.0	0.0	0.0
chr2_93623922	0.0	0.0	0.0	0.0	0.0	0.0
chr2_93888611	0.0	0.0	0.0	0.0	0.0	0.0
chr2_93991695	0.0	0.0	0.0	0.0	0.0	0.0
chr2_95444266	2.0	0.0	2.0	0.0	0.0	0.0
chr2_96047207	0.0	0.0	0.0	0.0	0.0	0.0
chr2_97274610	0.0	0.0	0.0	0.0	0.0	0.0
chr2_97311131	0.0	0.0	0.0	0.0	0.0	0.0
chr2_98744702	0.0	0.0	0.0	0.0	0.0	0.0
chr2_100522004	0.0	0.0	0.0	0.0	0.0	0.0
chr2_105205448	0.0	0.0	0.0	0.0	0.0	0.0
chr2_110059018	0.0	0.0	0.0	0.0	0.0	0.0
chr2_116928579	0.0	0.0	0.0	0.0	0.0	0.0
chr2_125127627	0.0	0.0	0.0	0.0	0.0	0.0
chr2_127005013	0.0	0.0	0.0	0.0	0.0	2.0
chr2_128945441	0.0	0.0	0.0	2.0	0.0	0.0
chr2_128964441	0.0	0.0	0.0	0.0	0.0	0.0
chr2_129410777	0.0	0.0	0.0	0.0	0.0	0.0
chr2_129415777	0.0	0.0	0.0	0.0	0.0	0.0
chr2_131808541	0.0	0.0	0.0	0.0	0.0	0.0
chr2_133755969	0.0	0.0	0.0	0.0	0.0	2.0
chr2_136036649	0.0	0.0	0.0	0.0	0.0	0.0
chr2_142611000	0.0	0.0	0.0	0.0	0.0	0.0
chr2_147769301	0.0	0.0	0.0	0.0	0.0	0.0
chr2_153009644	0.0	0.0	0.0	0.0	0.0	0.0
chr2_153253333	0.0	0.0	0.0	0.0	0.0	0.0
chr2_154954593	0.0	0.0	0.0	0.0	0.0	0.0
chr2_155396408	0.0	0.0	0.0	0.0	0.0	0.0
chr2_157369357	0.0	0.0	0.0	0.0	0.0	0.0
chr2_160756356	0.0	0.0	0.0	0.0	0.0	0.0
chr2_168402984	0.0	0.0	0.0	0.0	0.0	0.0
chr2_175881486	0.0	0.0	0.0	0.0	0.0	0.0
chr2_176216738	0.0	0.0	0.0	0.0	0.0	0.0
chr2_180168157	0.0	0.0	0.0	0.0	0.0	0.0
chr2_181767333	0.0	0.0	0.0	0.0	0.0	0.0
chr2_182562921	0.0	0.0	0.0	0.0	0.0	0.0
chr2_183170862	0.0	0.0	0.0	0.0	0.0	0.0
chr2_184947164	0.0	0.0	0.0	0.0	0.0	0.0
chr2_185586147	0.0	0.0	0.0	0.0	0.0	0.0
chr2_186952634	0.0	0.0	0.0	0.0	0.0	0.0
chr2_193648069	0.0	0.0	0.0	0.0	0.0	0.0
chr2_194834951	0.0	0.0	0.0	0.0	0.0	0.0
chr2_195070119	0.0	0.0	0.0	0.0	0.0	0.0
chr2_200835361	0.0	0.0	0.0	0.0	0.0	0.0
chr2_209167493	0.0	0.0	0.0	0.0	0.0	0.0
chr2_210903274	0.0	0.0	0.0	0.0	0.0	0.0
chr2_211220005	0.0	0.0	0.0	0.0	0.0	0.0
chr2_221392002	0.0	0.0	0.0	0.0	0.0	0.0
chr2_221985943	0.0	0.0	0.0	0.0	0.0	0.0
chr2_222150069	0.0	0.0	0.0	0.0	0.0	0.0
chr2_225873799	0.0	0.0	0.0	0.0	0.0	0.0
chr2_227823227	0.0	0.0	0.0	0.0	0.0	0.0
chr3_5741721	0.0	0.0	0.0	0.0	0.0	0.0
chr3_26397925	0.0	0.0	0.0	0.0	0.0	0.0
chr3_26883782	0.0	0.0	0.0	0.0	0.0	0.0
chr3_39676711	0.0	0.0	0.0	0.0	0.0	2.0
chr3_40902114	0.0	0.0	0.0	0.0	0.0	0.0
chr3_40906114	0.0	0.0	0.0	0.0	0.0	0.0
chr3_63212536	0.0	0.0	0.0	0.0	0.0	0.0
chr3_63215536	0.0	0.0	0.0	0.0	0.0	0.0
chr3_80892556	0.0	0.0	0.0	0.0	0.0	0.0
chr3_83037631	0.0	0.0	0.0	0.0	0.0	0.0
chr3_88503663	0.0	0.0	0.0	0.0	0.0	0.0
chr3_88505663	0.0	0.0	0.0	0.0	0.0	0.0
chr3_88656268	0.0	0.0	0.0	0.0	0.0	0.0
chr3_88872436	0.0	0.0	0.0	0.0	0.0	0.0
chr3_89869671	0.0	0.0	0.0	0.0	0.0	0.0
chr3_90169881	0.0	0.0	0.0	0.0	0.0	0.0
chr3_90336007	2.0	0.0	0.0	0.0	0.0	0.0
chr3_91661973	0.0	0.0	0.0	0.0	0.0	0.0
chr3_91708015	0.0	0.0	0.0	0.0	0.0	0.0
chr3_91710015	0.0	0.0	0.0	0.0	0.0	0.0
chr3_91911662	0.0	0.0	0.0	0.0	0.0	2.0
chr3_92030746	0.0	0.0	0.0	0.0	0.0	0.0
chr3_92070788	0.0	0.0	0.0	0.0	0.0	0.0
chr3_92097309	0.0	0.0	0.0	0.0	0.0	0.0
chr3_92148830	0.0	0.0	0.0	0.0	0.0	0.0
chr3_92163351	0.0	2.0	0.0	0.0	0.0	0.0
chr3_92318956	0.0	0.0	0.0	0.0	0.0	0.0
chr3_92436561	0.0	0.0	0.0	0.0	0.0	2.0
chr3_92526124	0.0	0.0	0.0	0.0	0.0	0.0
chr3_92530124	0.0	0.0	0.0	0.0	0.0	0.0
chr3_92610687	0.0	0.0	0.0	0.0	0.0	0.0
chr3_92614687	0.0	0.0	0.0	0.0	0.0	0.0
chr3_92616687	0.0	0.0	0.0	0.0	0.0	0.0
chr3_92625687	0.0	0.0	0.0	0.0	0.0	0.0
chr3_92658208	0.0	0.0	0.0	0.0	0.0	0.0
chr3_92661208	0.0	0.0	0.0	0.0	0.0	0.0
chr3_92693250	0.0	0.0	0.0	0.0	0.0	0.0
chr3_92805813	0.0	0.0	0.0	0.0	0.0	0.0
chr3_93318191	0.0	0.0	0.0	0.0	0.0	0.0
chr3_93357233	0.0	0.0	0.0	0.0	0.0	0.0
chr3_93369233	0.0	0.0	0.0	0.0	0.0	0.0
chr3_93427275	0.0	0.0	0.0	0.0	0.0	0.0
chr3_93473317	0.0	0.0	0.0	0.0	0.0	0.0
chr3_93506838	0.0	0.0	0.0	0.0	0.0	0.0
chr3_93553880	0.0	0.0	0.0	0.0	0.0	0.0
chr3_93559880	0.0	0.0	0.0	0.0	0.0	0.0
chr3_93564880	0.0	0.0	0.0	0.0	0.0	0.0
chr3_93569880	0.0	0.0	0.0	0.0	0.0	0.0
chr3_93571880	0.0	0.0	0.0	0.0	0.0	0.0
chr3_93634443	0.0	0.0	0.0	0.0	0.0	0.0
chr3_103557230	0.0	0.0	0.0	0.0	0.0	2.0
chr3_112659950	0.0	0.0	0.0	0.0	2.0	0.0
chr3_117555041	0.0	0.0	0.0	0.0	0.0	0.0
chr3_122137922	0.0	0.0	0.0	0.0	0.0	0.0
chr3_124000787	0.0	0.0	0.0	0.0	0.0	0.0
chr3_126332509	0.0	0.0	2.0	0.0	0.0	0.0
chr3_128519626	0.0	0.0	0.0	0.0	0.0	0.0
chr3_128589668	0.0	0.0	0.0	0.0	0.0	0.0
chr3_130315449	0.0	0.0	0.0	0.0	0.0	0.0
chr3_132946381	0.0	0.0	0.0	0.0	0.0	0.0
chr3_133001423	0.0	0.0	0.0	0.0	0.0	0.0
chr3_135822002	0.0	0.0	0.0	0.0	0.0	0.0
chr3_137017884	0.0	0.0	0.0	0.0	0.0	0.0
chr3_137456699	0.0	0.0	0.0	0.0	0.0	0.0
chr3_144213176	0.0	0.0	0.0	0.0	0.0	0.0
chr3_145025764	0.0	0.0	0.0	0.0	0.0	0.0
chr3_146734024	0.0	0.0	0.0	0.0	0.0	0.0
chr3_152007409	0.0	0.0	0.0	0.0	0.0	0.0
chr3_153134249	0.0	0.0	0.0	0.0	0.0	0.0
chr3_153997879	0.0	0.0	0.0	0.0	0.0	0.0
chr3_154911551	0.0	0.0	0.0	0.0	0.0	0.0
chr3_155968828	0.0	0.0	0.0	0.0	0.0	0.0
chr3_157688088	0.0	0.0	0.0	0.0	0.0	0.0
chr3_158635802	0.0	0.0	0.0	0.0	0.0	0.0
chr3_162407574	0.0	0.0	0.0	0.0	0.0	0.0
chr3_163633977	0.0	0.0	0.0	0.0	0.0	0.0
chr3_166021741	0.0	0.0	0.0	0.0	0.0	0.0
chr3_169682429	0.0	0.0	0.0	0.0	0.0	0.0
chr3_170878311	0.0	0.0	0.0	0.0	0.0	0.0
chr3_176020091	0.0	0.0	0.0	0.0	0.0	0.0
chr3_185562626	0.0	0.0	0.0	0.0	0.0	0.0
chr3_185568626	0.0	0.0	0.0	0.0	0.0	0.0
chr3_187414491	0.0	0.0	0.0	0.0	0.0	0.0
chr3_187863306	0.0	0.0	0.0	0.0	0.0	0.0
chr3_193118691	2.0	0.0	0.0	0.0	0.0	0.0
chr4_4955133	0.0	0.0	0.0	0.0	0.0	0.0
chr4_11144190	0.0	0.0	0.0	0.0	0.0	0.0
chr4_11380879	0.0	0.0	0.0	0.0	0.0	0.0
chr4_16945474	0.0	0.0	0.0	0.0	0.0	0.0
chr4_18175877	0.0	0.0	0.0	0.0	0.0	0.0
chr4_19949179	0.0	0.0	0.0	0.0	0.0	0.0
chr4_20670204	0.0	0.0	0.0	0.0	0.0	0.0
chr4_24503539	0.0	0.0	0.0	0.0	0.0	0.0
chr4_43287357	0.0	0.0	0.0	0.0	0.0	0.0
chr4_44975096	0.0	2.0	0.0	0.0	0.0	0.0
chr4_49184204	0.0	0.0	0.0	0.0	0.0	0.0
chr4_49936750	0.0	0.0	0.0	0.0	0.0	0.0
chr4_49960271	0.0	0.0	0.0	0.0	0.0	0.0
chr4_50024313	0.0	0.0	0.0	0.0	0.0	0.0
chr4_50108876	0.0	0.0	0.0	0.0	0.0	0.0
chr4_50170439	0.0	0.0	0.0	0.0	0.0	0.0
chr4_50276002	0.0	0.0	0.0	0.0	0.0	0.0
chr4_50371086	0.0	0.0	0.0	0.0	0.0	0.0
chr4_50401607	0.0	0.0	0.0	0.0	0.0	0.0
chr4_50482170	0.0	0.0	0.0	0.0	0.0	0.0
chr4_50526691	0.0	0.0	0.0	0.0	0.0	0.0
chr4_50531691	0.0	0.0	2.0	0.0	0.0	0.0
chr4_50578733	0.0	0.0	2.0	0.0	0.0	0.0
chr4_50919985	0.0	0.0	0.0	0.0	0.0	0.0
chr4_51025069	0.0	0.0	0.0	0.0	0.0	0.0
chr4_51492405	0.0	0.0	0.0	0.0	0.0	0.0
chr4_52205430	0.0	0.0	0.0	0.0	0.0	0.0
chr4_52217430	0.0	0.0	0.0	0.0	0.0	0.0
chr4_57340210	0.0	0.0	0.0	0.0	0.0	0.0
chr4_57385252	0.0	0.0	2.0	0.0	0.0	0.0
chr4_57565378	0.0	0.0	0.0	0.0	0.0	0.0
chr4_59079991	0.0	0.0	0.0	0.0	0.0	0.0
chr4_74717499	0.0	0.0	0.0	0.0	0.0	0.0
chr4_82112959	0.0	0.0	0.0	0.0	0.0	2.0
chr4_89392814	0.0	0.0	0.0	0.0	0.0	0.0
chr4_91981225	2.0	0.0	0.0	0.0	0.0	0.0
chr4_111395505	0.0	0.0	0.0	0.0	0.0	0.0
chr4_114048958	0.0	0.0	0.0	0.0	0.0	0.0
chr4_124406081	2.0	0.0	0.0	0.0	0.0	0.0
chr4_125014543	0.0	0.0	0.0	0.0	0.0	0.0
chr4_125256711	0.0	0.0	0.0	0.0	0.0	0.0
chr4_126032778	0.0	0.0	0.0	0.0	0.0	0.0
chr4_126930450	0.0	0.0	0.0	0.0	0.0	0.0
chr4_127861643	0.0	0.0	0.0	0.0	0.0	0.0
chr4_133735969	0.0	0.0	0.0	0.0	0.0	0.0
chr4_137497220	0.0	0.0	0.0	0.0	0.0	0.0
chr4_137499741	0.0	0.0	0.0	0.0	0.0	0.0
chr4_140224236	0.0	0.0	0.0	0.0	0.0	0.0
chr4_156048391	0.0	0.0	0.0	0.0	0.0	0.0
chr4_156371122	0.0	0.0	0.0	0.0	0.0	0.0
chr4_189137751	0.0	0.0	0.0	0.0	0.0	0.0
chr5_13416870	0.0	0.0	0.0	0.0	0.0	0.0
chr5_16337012	0.0	0.0	2.0	0.0	0.0	0.0
chr5_21108540	0.0	0.0	0.0	0.0	0.0	0.0
chr5_29486193	0.0	0.0	0.0	0.0	0.0	0.0
chr5_32826150	0.0	0.0	0.0	0.0	0.0	0.0
chr5_43719172	0.0	0.0	0.0	0.0	0.0	0.0
chr5_47432423	0.0	0.0	0.0	0.0	0.0	0.0
chr5_47637070	0.0	0.0	0.0	0.0	0.0	0.0
chr5_47968801	0.0	0.0	0.0	0.0	0.0	0.0
chr5_48025843	0.0	0.0	0.0	0.0	0.0	0.0
chr5_48056364	0.0	0.0	0.0	0.0	0.0	0.0
chr5_48072885	0.0	0.0	0.0	0.0	0.0	0.0
chr5_48225490	0.0	0.0	0.0	0.0	0.0	0.0
chr5_48325574	0.0	0.0	0.0	0.0	0.0	0.0
chr5_48474179	0.0	0.0	0.0	0.0	0.0	0.0
chr5_48632305	0.0	0.0	0.0	0.0	0.0	0.0
chr5_48691347	0.0	0.0	0.0	0.0	0.0	0.0
chr5_48760389	0.0	0.0	0.0	0.0	0.0	0.0
chr5_49020078	0.0	0.0	0.0	0.0	0.0	0.0
chr5_49141162	0.0	0.0	0.0	0.0	0.0	0.0
chr5_49224725	0.0	0.0	0.0	0.0	0.0	0.0
chr5_51331279	0.0	0.0	0.0	0.0	0.0	0.0
chr5_52247951	0.0	0.0	0.0	0.0	0.0	0.0
chr5_52609724	0.0	0.0	0.0	0.0	0.0	0.0
chr5_57355731	0.0	0.0	0.0	0.0	2.0	0.0
chr5_57377731	0.0	0.0	0.0	0.0	0.0	0.0
chr5_57943151	2.0	0.0	0.0	0.0	0.0	0.0
chr5_58051235	0.0	0.0	0.0	0.0	0.0	2.0
chr5_58384487	0.0	0.0	0.0	0.0	0.0	0.0
chr5_62818242	0.0	0.0	0.0	0.0	0.0	0.0
chr5_63942561	0.0	0.0	0.0	0.0	0.0	0.0
chr5_67224997	0.0	0.0	0.0	0.0	0.0	2.0
chr5_68378837	0.0	0.0	0.0	0.0	0.0	0.0
chr5_69683803	0.0	0.0	0.0	0.0	0.0	0.0
chr5_69693803	0.0	0.0	0.0	0.0	0.0	0.0
chr5_69695803	0.0	0.0	0.0	0.0	0.0	0.0
chr5_70013534	0.0	0.0	0.0	0.0	0.0	0.0
chr5_70175660	0.0	0.0	0.0	0.0	0.0	0.0
chr5_71140374	0.0	0.0	0.0	0.0	0.0	0.0
chr5_71150374	0.0	0.0	0.0	0.0	0.0	0.0
chr5_71795357	0.0	0.0	0.0	0.0	0.0	0.0
chr5_75985944	0.0	0.0	0.0	2.0	0.0	0.0
chr5_83902261	0.0	0.0	0.0	0.0	0.0	0.0
chr5_86512193	0.0	0.0	0.0	0.0	0.0	0.0
chr5_101303071	0.0	0.0	0.0	0.0	0.0	0.0
chr5_102190743	0.0	0.0	0.0	0.0	0.0	0.0
chr5_105514179	0.0	0.0	0.0	0.0	0.0	0.0
chr5_105516179	0.0	0.0	0.0	0.0	0.0	0.0
chr5_106425851	0.0	0.0	0.0	0.0	0.0	0.0
chr5_106694540	0.0	0.0	0.0	0.0	0.0	0.0
chr5_108692010	0.0	0.0	0.0	0.0	0.0	0.0
chr5_109596682	0.0	0.0	0.0	0.0	0.0	0.0
chr5_109622203	0.0	0.0	0.0	0.0	0.0	0.0
chr5_110056018	0.0	0.0	0.0	0.0	0.0	0.0
chr5_111164337	0.0	0.0	0.0	2.0	0.0	0.0
chr5_112031488	0.0	0.0	0.0	0.0	0.0	0.0
chr5_112133051	0.0	2.0	0.0	0.0	0.0	0.0
chr5_114674420	0.0	0.0	0.0	0.0	0.0	0.0
chr5_121951275	0.0	0.0	0.0	0.0	0.0	0.0
chr5_122275527	0.0	0.0	0.0	0.0	0.0	0.0
chr5_123931745	0.0	0.0	0.0	0.0	0.0	0.0
chr5_127124097	0.0	0.0	0.0	0.0	0.0	0.0
chr5_130263407	0.0	0.0	0.0	0.0	0.0	0.0
chr5_130490575	0.0	0.0	0.0	0.0	0.0	0.0
chr5_131111037	0.0	0.0	0.0	0.0	0.0	0.0
chr5_132037709	0.0	0.0	0.0	0.0	0.0	0.0
chr5_133946616	0.0	0.0	0.0	0.0	0.0	0.0
chr5_143855403	0.0	0.0	0.0	0.0	0.0	0.0
chr5_144515907	0.0	0.0	0.0	0.0	0.0	0.0
chr5_144589949	0.0	0.0	0.0	0.0	0.0	0.0
chr5_145419058	0.0	0.0	0.0	0.0	0.0	0.0
chr5_147959427	0.0	0.0	0.0	0.0	0.0	0.0
chr5_152341661	0.0	0.0	0.0	0.0	0.0	0.0
chr5_161072087	0.0	0.0	2.0	0.0	0.0	0.0
chr5_166966934	0.0	0.0	0.0	0.0	0.0	0.0
chr5_166970934	0.0	0.0	0.0	0.0	0.0	0.0
chr5_174015621	0.0	0.0	0.0	0.0	0.0	0.0
chr5_175399629	0.0	2.0	0.0	4.0	0.0	2.0
chr5_175719881	0.0	0.0	0.0	0.0	0.0	0.0
chr5_181347518	0.0	0.0	0.0	0.0	0.0	0.0
chr6_65042	0.0	0.0	0.0	0.0	0.0	0.0
chr6_5887326	0.0	0.0	0.0	0.0	0.0	0.0
chr6_12550240	0.0	0.0	0.0	0.0	0.0	0.0
chr6_14560710	0.0	0.0	0.0	0.0	0.0	0.0
chr6_18082314	0.0	0.0	0.0	0.0	0.0	0.0
chr6_23071968	0.0	0.0	0.0	0.0	0.0	0.0
chr6_23676430	0.0	0.0	0.0	0.0	0.0	0.0
chr6_23808514	0.0	0.0	0.0	0.0	0.0	0.0
chr6_26843261	0.0	0.0	0.0	0.0	0.0	0.0
chr6_40902114	0.0	0.0	0.0	0.0	0.0	0.0
chr6_45670121	0.0	0.0	0.0	0.0	2.0	0.0
chr6_48364095	0.0	0.0	0.0	0.0	0.0	0.0
chr6_52204430	0.0	0.0	0.0	0.0	0.0	0.0
chr6_80634867	0.0	0.0	0.0	0.0	0.0	0.0
chr6_82562774	0.0	0.0	0.0	0.0	0.0	0.0
chr6_86807403	0.0	0.0	0.0	0.0	0.0	0.0
chr6_90969469	0.0	0.0	0.0	0.0	0.0	0.0
chr6_98418450	0.0	0.0	0.0	0.0	0.0	0.0
chr6_102172222	0.0	0.0	0.0	0.0	0.0	0.0
chr6_102334348	0.0	0.0	0.0	0.0	0.0	0.0
chr6_107006271	0.0	0.0	0.0	0.0	0.0	0.0
chr6_114724462	0.0	0.0	0.0	0.0	0.0	0.0
chr6_115253361	0.0	0.0	0.0	0.0	0.0	0.0
chr6_117107226	0.0	0.0	0.0	0.0	0.0	0.0
chr6_127928685	0.0	0.0	0.0	0.0	0.0	0.0
chr6_141566723	0.0	0.0	0.0	0.0	0.0	0.0
chr6_141618765	0.0	0.0	0.0	0.0	0.0	0.0
chr6_145071806	2.0	0.0	0.0	0.0	0.0	0.0
chr6_145769310	0.0	0.0	0.0	0.0	0.0	0.0
chr6_160289020	0.0	2.0	0.0	0.0	0.0	0.0
chr7_4582360	0.0	0.0	0.0	0.0	0.0	0.0
chr7_4591881	0.0	0.0	0.0	0.0	0.0	0.0
chr7_9399409	0.0	0.0	0.0	0.0	0.0	0.0
chr7_9807703	0.0	0.0	0.0	0.0	0.0	0.0
chr7_10166476	0.0	0.0	0.0	0.0	0.0	0.0
chr7_10170476	0.0	0.0	0.0	0.0	0.0	0.0
chr7_10289560	0.0	0.0	0.0	0.0	0.0	0.0
chr7_12076383	0.0	0.0	0.0	0.0	0.0	0.0
chr7_12078383	0.0	0.0	0.0	0.0	0.0	0.0
chr7_12086383	0.0	0.0	0.0	2.0	0.0	0.0
chr7_16730306	0.0	0.0	0.0	0.0	0.0	0.0
chr7_17566415	0.0	0.0	0.0	0.0	0.0	0.0
chr7_19790053	0.0	0.0	0.0	0.0	0.0	0.0
chr7_23036447	0.0	0.0	0.0	0.0	0.0	0.0
chr7_23958640	0.0	0.0	0.0	0.0	0.0	0.0
chr7_24044203	0.0	0.0	0.0	0.0	0.0	0.0
chr7_25985631	0.0	0.0	0.0	0.0	0.0	0.0
chr7_29580277	0.0	0.0	0.0	0.0	2.0	0.0
chr7_31281016	0.0	0.0	0.0	0.0	0.0	0.0
chr7_34169158	0.0	0.0	0.0	0.0	0.0	0.0
chr7_34907183	0.0	0.0	0.0	0.0	0.0	0.0
chr7_37611678	0.0	0.0	0.0	0.0	0.0	2.0
chr7_42581853	0.0	0.0	0.0	0.0	0.0	0.0
chr7_42811021	0.0	0.0	0.0	0.0	0.0	0.0
chr7_47165213	0.0	0.0	0.0	0.0	0.0	0.0
chr7_48686347	0.0	0.0	0.0	0.0	0.0	0.0
chr7_49681061	0.0	0.0	0.0	0.0	0.0	0.0
chr7_49683582	0.0	0.0	0.0	0.0	0.0	0.0
chr7_57031479	0.0	0.0	0.0	0.0	0.0	0.0
chr7_58588134	0.0	0.0	0.0	0.0	0.0	0.0
chr7_58594134	0.0	0.0	0.0	0.0	0.0	0.0
chr7_58738739	0.0	0.0	0.0	0.0	0.0	0.0
chr7_58908865	0.0	0.0	0.0	0.0	0.0	0.0
chr7_59213596	0.0	0.0	0.0	0.0	0.0	0.0
chr7_59236596	0.0	0.0	0.0	0.0	0.0	0.0
chr7_59371201	0.0	0.0	0.0	0.0	0.0	0.0
chr7_59676932	0.0	0.0	0.0	0.0	0.0	0.0
chr7_59721453	0.0	0.0	0.0	0.0	0.0	0.0
chr7_60270873	0.0	0.0	0.0	0.0	0.0	0.0
chr7_60448999	2.0	0.0	0.0	0.0	0.0	0.0
chr7_60498041	0.0	0.0	0.0	0.0	0.0	0.0
chr7_60680167	0.0	0.0	0.0	0.0	0.0	0.0
chr7_62284343	0.0	0.0	0.0	0.0	0.0	0.0
chr7_62332385	0.0	0.0	0.0	0.0	0.0	0.0
chr7_63469225	0.0	0.0	0.0	0.0	0.0	0.0
chr7_85250269	0.0	0.0	0.0	0.0	0.0	0.0
chr7_85253269	0.0	0.0	2.0	0.0	0.0	0.0
chr7_85330311	0.0	0.0	0.0	0.0	0.0	0.0
chr7_85332311	0.0	0.0	0.0	0.0	0.0	0.0
chr7_91216158	0.0	0.0	0.0	0.0	0.0	0.0
chr7_91904662	0.0	0.0	0.0	0.0	0.0	0.0
chr7_96847795	0.0	0.0	0.0	0.0	0.0	0.0
chr7_97614862	0.0	0.0	0.0	0.0	0.0	0.0
chr7_112555866	0.0	0.0	0.0	0.0	0.0	0.0
chr7_113430017	0.0	0.0	0.0	0.0	0.0	0.0
chr7_115261361	0.0	0.0	0.0	2.0	0.0	0.0
chr7_123444888	0.0	0.0	0.0	0.0	0.0	0.0
chr7_150178065	0.0	0.0	0.0	0.0	0.0	0.0
chr7_152978123	0.0	0.0	0.0	0.0	0.0	0.0
chr7_156320080	0.0	0.0	0.0	0.0	0.0	0.0
chr7_156911021	0.0	0.0	0.0	0.0	0.0	0.0
chr7_159300785	0.0	0.0	0.0	0.0	0.0	0.0
chr8_188126	0.0	0.0	0.0	0.0	0.0	0.0
chr8_21828565	0.0	0.0	0.0	0.0	0.0	0.0
chr8_21830565	0.0	0.0	0.0	0.0	0.0	0.0
chr8_29452672	0.0	0.0	0.0	0.0	0.0	0.0
chr8_35175393	0.0	0.0	0.0	0.0	0.0	0.0
chr8_40434257	0.0	0.0	0.0	0.0	0.0	2.0
chr8_44221550	0.0	0.0	0.0	0.0	0.0	0.0
chr8_44629844	0.0	0.0	0.0	0.0	0.0	0.0
chr8_44742928	0.0	2.0	0.0	0.0	1.0	0.0
chr8_44885533	0.0	0.0	0.0	0.0	0.0	0.0
chr8_45177264	0.0	0.0	0.0	0.0	0.0	0.0
chr8_45215785	0.0	0.0	0.0	0.0	0.0	0.0
chr8_45348390	0.0	0.0	0.0	0.0	0.0	0.0
chr8_45355390	0.0	0.0	0.0	0.0	0.0	0.0
chr8_58371966	0.0	0.0	2.0	0.0	0.0	0.0
chr8_60994898	0.0	0.0	0.0	0.0	0.0	0.0
chr8_65124443	0.0	0.0	0.0	0.0	0.0	0.0
chr8_77275389	0.0	0.0	0.0	0.0	0.0	0.0
chr8_83439925	0.0	0.0	0.0	0.0	0.0	0.0
chr8_83448925	2.0	0.0	0.0	0.0	0.0	0.0
chr8_91522368	0.0	0.0	0.0	0.0	0.0	0.0
chr8_91523889	0.0	0.0	0.0	0.0	0.0	2.0
chr8_96118770	0.0	0.0	0.0	0.0	0.0	0.0
chr8_97296131	0.0	0.0	2.0	0.0	0.0	0.0
chr8_108502884	0.0	0.0	0.0	0.0	0.0	0.0
chr8_114001437	0.0	0.0	0.0	0.0	0.0	0.0
chr8_114581857	0.0	0.0	0.0	0.0	0.0	0.0
chr8_122246006	0.0	0.0	0.0	0.0	0.0	0.0
chr8_125585963	0.0	0.0	0.0	0.0	0.0	0.0
chr8_134071700	0.0	0.0	0.0	0.0	0.0	0.0
chr9_5240343	0.0	0.0	0.0	2.0	0.0	0.0
chr9_32225209	2.0	0.0	0.0	0.0	0.0	0.0
chr9_40336694	2.0	0.0	0.0	0.0	0.0	0.0
chr9_41601618	0.0	0.0	0.0	0.0	0.0	0.0
chr9_43164273	0.0	0.0	0.0	0.0	0.0	0.0
chr9_61807007	0.0	0.0	0.0	0.0	0.0	0.0
chr9_61828007	0.0	0.0	0.0	0.0	0.0	0.0
chr9_63411183	2.0	0.0	0.0	0.0	0.0	0.0
chr9_64453939	0.0	0.0	0.0	0.0	0.0	0.0
chr9_66036115	0.0	0.0	0.0	0.0	0.0	0.0
chr9_77052221	0.0	0.0	0.0	0.0	0.0	0.0
chr9_77055221	0.0	0.0	0.0	0.0	0.0	0.0
chr9_80609346	0.0	0.0	0.0	0.0	0.0	0.0
chr9_86191462	0.0	0.0	0.0	0.0	0.0	0.0
chr9_86607756	0.0	0.0	0.0	2.0	0.0	0.0
chr9_88119369	0.0	0.0	0.0	0.0	0.0	0.0
chr9_95534829	0.0	0.0	0.0	0.0	0.0	0.0
chr9_95539829	0.0	0.0	0.0	0.0	0.0	0.0
chr9_102147701	0.0	0.0	0.0	0.0	0.0	0.0
chr9_102151701	0.0	0.0	0.0	0.0	0.0	0.0
chr9_103739877	0.0	0.0	0.0	0.0	0.0	0.0
chr9_105890952	0.0	0.0	0.0	0.0	0.0	0.0
chr9_107217439	0.0	0.0	0.0	0.0	0.0	0.0
chr9_107245960	0.0	0.0	0.0	0.0	2.0	0.0
chr9_107257960	0.0	0.0	0.0	0.0	0.0	0.0
chr9_108318237	0.0	0.0	0.0	0.0	0.0	0.0
chr9_114703941	0.0	0.0	0.0	0.0	0.0	0.0
chr9_114814025	0.0	0.0	0.0	0.0	0.0	0.0
chr9_115768739	0.0	0.0	0.0	0.0	0.0	0.0
chr9_119064654	0.0	0.0	0.0	0.0	0.0	0.0
chr9_120056889	0.0	0.0	0.0	0.0	0.0	0.0
chr9_120210494	0.0	0.0	0.0	0.0	0.0	0.0
chr10_2631932	0.0	0.0	0.0	0.0	0.0	0.0
chr10_4862570	0.0	0.0	0.0	0.0	0.0	0.0
chr10_6371183	0.0	0.0	0.0	0.0	0.0	0.0
chr10_10181997	0.0	0.0	0.0	0.0	0.0	0.0
chr10_10691854	0.0	0.0	0.0	0.0	0.0	2.0
chr10_11734131	0.0	0.0	0.0	0.0	0.0	0.0
chr10_20569641	0.0	0.0	0.0	0.0	0.0	0.0
chr10_33488654	0.0	0.0	0.0	0.0	0.0	0.0
chr10_42128517	0.0	0.0	0.0	0.0	2.0	0.0
chr10_56443059	0.0	0.0	0.0	0.0	0.0	0.0
chr10_59410243	0.0	0.0	0.0	0.0	0.0	0.0
chr10_59423243	0.0	0.0	0.0	0.0	0.0	0.0
chr10_65101922	0.0	0.0	0.0	0.0	0.0	0.0
chr10_80725430	0.0	0.0	0.0	0.0	0.0	0.0
chr10_81711144	0.0	0.0	0.0	0.0	0.0	0.0
chr10_81712665	0.0	0.0	0.0	0.0	0.0	0.0
chr10_83238278	0.0	0.0	0.0	0.0	0.0	0.0
chr10_84758891	0.0	0.0	0.0	0.0	0.0	0.0
chr10_84774412	0.0	0.0	0.0	0.0	0.0	0.0
chr10_87472386	0.0	0.0	0.0	0.0	0.0	0.0
chr10_105778868	0.0	0.0	0.0	0.0	0.0	0.0
chr10_111586152	0.0	0.0	0.0	0.0	0.0	0.0
chr10_119985326	0.0	0.0	0.0	0.0	0.0	0.0
chr10_130651180	0.0	0.0	0.0	0.0	0.0	0.0
chr11_24329413	0.0	0.0	0.0	0.0	0.0	0.0
chr11_34687536	0.0	0.0	0.0	0.0	0.0	0.0
chr11_37242905	0.0	0.0	0.0	2.0	0.0	0.0
chr11_39605148	0.0	0.0	0.0	0.0	0.0	0.0
chr11_42429727	0.0	0.0	0.0	0.0	0.0	0.0
chr11_48287053	0.0	0.0	0.0	0.0	0.0	0.0
chr11_48392616	0.0	0.0	0.0	0.0	0.0	0.0
chr11_51281758	0.0	0.0	0.0	0.0	0.0	0.0
chr11_54787320	0.0	0.0	0.0	0.0	0.0	0.0
chr11_54802841	0.0	0.0	0.0	0.0	0.0	0.0
chr11_56683227	0.0	0.0	0.0	0.0	0.0	0.0
chr11_56964437	0.0	0.0	0.0	0.0	0.0	0.0
chr11_61084461	0.0	0.0	0.0	0.0	0.0	0.0
chr11_87340302	0.0	0.0	0.0	0.0	0.0	0.0
chr11_95437266	0.0	0.0	0.0	2.0	0.0	0.0
chr11_100452962	0.0	0.0	0.0	0.0	0.0	0.0
chr11_100653609	0.0	0.0	0.0	0.0	0.0	0.0
chr11_109178388	0.0	0.0	0.0	0.0	0.0	0.0
chr11_115051193	0.0	0.0	0.0	0.0	0.0	0.0
chr11_127777080	0.0	0.0	0.0	0.0	0.0	0.0
chr11_131173079	0.0	0.0	0.0	0.0	2.0	0.0
chr12_11611047	0.0	0.0	0.0	0.0	0.0	0.0
chr12_11935778	0.0	0.0	0.0	0.0	0.0	2.0
chr12_13323307	0.0	0.0	0.0	0.0	0.0	0.0
chr12_13391349	0.0	0.0	2.0	0.0	0.0	0.0
chr12_19730011	0.0	0.0	0.0	0.0	0.0	0.0
chr12_28038143	2.0	0.0	0.0	0.0	0.0	0.0
chr12_29813445	0.0	0.0	0.0	0.0	0.0	0.0
chr12_29913008	0.0	0.0	0.0	0.0	0.0	0.0
chr12_31343058	0.0	0.0	0.0	0.0	0.0	0.0
chr12_32012562	0.0	0.0	0.0	0.0	0.0	0.0
chr12_33793864	0.0	0.0	0.0	0.0	0.0	0.0
chr12_35122351	0.0	0.0	0.0	0.0	0.0	0.0
chr12_35158872	0.0	0.0	0.0	0.0	0.0	0.0
chr12_35163872	0.0	0.0	0.0	0.0	0.0	0.0
chr12_35970981	0.0	0.0	0.0	0.0	0.0	0.0
chr12_36722527	0.0	0.0	0.0	0.0	0.0	0.0
chr12_37824846	0.0	2.0	0.0	0.0	0.0	0.0
chr12_38339224	0.0	0.0	0.0	0.0	0.0	0.0
chr12_38621434	0.0	0.0	0.0	0.0	0.0	0.0
chr12_39159333	0.0	0.0	0.0	0.0	0.0	0.0
chr12_41083240	0.0	0.0	0.0	0.0	0.0	0.0
chr12_43228315	0.0	0.0	0.0	0.0	0.0	0.0
chr12_43279357	0.0	0.0	0.0	0.0	0.0	0.0
chr12_45142222	0.0	0.0	0.0	0.0	0.0	0.0
chr12_48319574	0.0	0.0	0.0	0.0	0.0	0.0
chr12_51565968	0.0	0.0	0.0	0.0	0.0	0.0
chr12_52499640	0.0	0.0	2.0	0.0	0.0	0.0
chr12_53689522	0.0	0.0	0.0	0.0	0.0	0.0
chr12_54901404	0.0	0.0	0.0	0.0	0.0	0.0
chr12_55082051	0.0	0.0	0.0	0.0	0.0	0.0
chr12_59146033	0.0	0.0	0.0	0.0	0.0	0.0
chr12_61002898	0.0	0.0	0.0	0.0	0.0	0.0
chr12_67843938	0.0	0.0	0.0	0.0	0.0	0.0
chr12_74875625	0.0	0.0	0.0	0.0	0.0	0.0
chr12_75518087	0.0	0.0	2.0	0.0	0.0	0.0
chr12_77174305	0.0	0.0	0.0	0.0	0.0	0.0
chr12_87680554	0.0	0.0	0.0	0.0	0.0	0.0
chr12_90537654	0.0	0.0	0.0	0.0	0.0	0.0
chr12_93959174	0.0	0.0	0.0	0.0	0.0	0.0
chr12_97220568	0.0	0.0	0.0	0.0	0.0	0.0
chr12_97809509	0.0	0.0	0.0	0.0	0.0	0.0
chr12_97902072	0.0	0.0	0.0	0.0	0.0	0.0
chr12_97930593	0.0	0.0	0.0	0.0	0.0	0.0
chr12_104791154	0.0	0.0	0.0	0.0	0.0	0.0
chr12_111822320	0.0	0.0	2.0	0.0	0.0	0.0
chr12_111832841	0.0	0.0	0.0	0.0	0.0	0.0
chr12_111916404	0.0	0.0	0.0	0.0	0.0	0.0
chr12_114564336	0.0	0.0	0.0	0.0	0.0	0.0
chr12_115286882	0.0	0.0	0.0	0.0	0.0	0.0
chr12_115288882	0.0	0.0	0.0	0.0	0.0	0.0
chr12_116620848	0.0	0.0	0.0	0.0	0.0	0.0
chr12_116653890	0.0	0.0	0.0	0.0	0.0	0.0
chr12_119276822	0.0	0.0	0.0	0.0	0.0	0.0
chr12_127095576	0.0	0.0	2.0	0.0	0.0	0.0
chr12_130922390	0.0	0.0	0.0	0.0	0.0	0.0
chr13_16351533	0.0	0.0	0.0	0.0	0.0	0.0
chr13_16401575	0.0	0.0	0.0	0.0	0.0	0.0
chr13_16488138	0.0	0.0	0.0	0.0	0.0	0.0
chr13_16732306	0.0	0.0	0.0	0.0	0.0	0.0
chr13_17189642	0.0	0.0	0.0	0.0	0.0	0.0
chr13_17215163	0.0	0.0	0.0	0.0	0.0	0.0
chr13_26769698	0.0	0.0	0.0	0.0	0.0	0.0
chr13_39001207	0.0	2.0	0.0	0.0	0.0	0.0
chr13_58672697	0.0	0.0	0.0	0.0	0.0	0.0
chr13_59028949	0.0	0.0	0.0	0.0	0.0	0.0
chr13_60294394	0.0	0.0	0.0	0.0	0.0	0.0
chr13_61325150	0.0	2.0	0.0	0.0	0.0	0.0
chr13_76544843	0.0	0.0	0.0	0.0	0.0	0.0
chr13_79819758	0.0	0.0	0.0	0.0	0.0	0.0
chr13_85124664	0.0	0.0	0.0	0.0	0.0	0.0
chr13_85126664	0.0	0.0	0.0	0.0	0.0	0.0
chr13_97667904	0.0	0.0	0.0	0.0	0.0	0.0
chr13_111496589	0.0	0.0	0.0	0.0	0.0	0.0
chr14_16400575	0.0	0.0	2.0	0.0	0.0	0.0
chr14_16560180	0.0	0.0	0.0	0.0	0.0	0.0
chr14_16901432	0.0	0.0	0.0	0.0	0.0	0.0
chr14_16924953	0.0	0.0	0.0	0.0	0.0	0.0
chr14_16978995	0.0	0.0	0.0	0.0	0.0	0.0
chr14_17068558	0.0	0.0	0.0	0.0	0.0	0.0
chr14_17359768	0.0	0.0	0.0	0.0	0.0	0.0
chr14_17365768	0.0	0.0	0.0	0.0	0.0	0.0
chr14_18350003	0.0	0.0	0.0	0.0	0.0	0.0
chr14_26383925	0.0	0.0	0.0	0.0	0.0	0.0
chr14_28191748	0.0	0.0	0.0	0.0	0.0	0.0
chr14_36187628	0.0	0.0	0.0	0.0	0.0	0.0
chr14_42954626	0.0	0.0	0.0	0.0	0.0	0.0
chr14_42968626	0.0	0.0	0.0	0.0	0.0	0.0
chr14_44643365	0.0	0.0	0.0	0.0	0.0	0.0
chr14_45350390	0.0	0.0	0.0	0.0	0.0	0.0
chr14_55988723	0.0	0.0	0.0	0.0	0.0	0.0
chr14_81544539	0.0	0.0	0.0	0.0	0.0	0.0
chr14_85886731	2.0	0.0	0.0	0.0	0.0	0.0
chr15_19796574	0.0	0.0	0.0	0.0	0.0	0.0
chr15_19846095	0.0	0.0	0.0	0.0	0.0	0.0
chr15_22639153	0.0	0.0	0.0	0.0	0.0	0.0
chr15_28466958	0.0	0.0	0.0	0.0	0.0	0.0
chr15_28480958	0.0	0.0	0.0	0.0	0.0	0.0
chr15_28482958	0.0	0.0	0.0	0.0	0.0	0.0
chr15_28539000	0.0	0.0	0.0	0.0	0.0	0.0
chr15_30244260	0.0	0.0	0.0	0.0	0.0	2.0
chr15_30850201	2.0	0.0	0.0	2.0	0.0	0.0
chr15_44252071	0.0	0.0	0.0	0.0	0.0	0.0
chr15_46105936	0.0	0.0	0.0	0.0	0.0	0.0
chr15_47166213	0.0	0.0	0.0	0.0	0.0	0.0
chr15_47169213	0.0	0.0	0.0	0.0	0.0	0.0
chr15_54926925	0.0	0.0	0.0	0.0	0.0	0.0
chr15_59534327	0.0	0.0	0.0	0.0	0.0	0.0
chr15_60274873	0.0	0.0	0.0	0.0	0.0	0.0
chr15_73037760	0.0	0.0	0.0	0.0	0.0	0.0
chr15_74522852	0.0	0.0	0.0	0.0	0.0	0.0
chr15_78356187	0.0	0.0	0.0	0.0	0.0	0.0
chr15_84336597	0.0	2.0	0.0	0.0	0.0	0.0
chr15_84340597	0.0	0.0	0.0	0.0	0.0	0.0
chr15_84345597	0.0	0.0	0.0	0.0	0.0	0.0
chr15_84356597	0.0	0.0	0.0	0.0	0.0	0.0
chr15_87837159	0.0	0.0	0.0	0.0	0.0	0.0
chr15_96897837	0.0	0.0	0.0	0.0	0.0	0.0
chr16_9292325	0.0	0.0	0.0	0.0	0.0	0.0
chr16_10605291	0.0	0.0	0.0	0.0	0.0	0.0
chr16_14047332	0.0	0.0	0.0	0.0	0.0	0.0
chr16_15241214	0.0	0.0	0.0	0.0	0.0	0.0
chr16_16722306	0.0	2.0	0.0	0.0	0.0	0.0
chr16_16841390	0.0	0.0	0.0	0.0	0.0	0.0
chr16_18624213	0.0	0.0	0.0	0.0	0.0	0.0
chr16_18626213	0.0	0.0	0.0	0.0	0.0	0.0
chr16_18632213	0.0	0.0	0.0	0.0	0.0	0.0
chr16_18635213	0.0	0.0	0.0	0.0	0.0	0.0
chr16_18647213	0.0	0.0	0.0	0.0	0.0	0.0
chr16_20185347	0.0	0.0	0.0	0.0	0.0	0.0
chr16_21925128	0.0	0.0	0.0	0.0	0.0	0.0
chr16_23721951	0.0	0.0	0.0	0.0	0.0	0.0
chr16_23776993	0.0	0.0	0.0	0.0	0.0	0.0
chr16_26824740	0.0	0.0	0.0	0.0	0.0	0.0
chr16_29417151	0.0	0.0	0.0	0.0	0.0	0.0
chr16_31630789	0.0	0.0	0.0	0.0	0.0	0.0
chr16_31688831	0.0	0.0	0.0	0.0	0.0	0.0
chr16_33953990	0.0	0.0	0.0	0.0	0.0	0.0
chr16_34572452	8.0	6.0	2.0	0.0	6.0	8.0
chr16_34575452	0.0	8.0	2.0	0.0	2.0	2.0
chr16_34580452	50.0	30.0	34.0	20.0	30.0	30.0
chr16_34592452	24.0	14.0	14.0	10.0	6.0	12.0
chr16_35608208	0.0	0.0	0.0	0.0	0.0	0.0
chr16_36367275	0.0	2.0	0.0	0.0	0.0	0.0
chr16_36390275	0.0	0.0	0.0	0.0	0.0	0.0
chr16_36610443	0.0	0.0	0.0	0.0	0.0	0.0
chr16_36651485	0.0	0.0	0.0	0.0	0.0	0.0
chr16_36911174	0.0	0.0	0.0	0.0	0.0	0.0
chr16_36965216	0.0	2.0	0.0	0.0	0.0	0.0
chr16_37037258	0.0	0.0	0.0	2.0	0.0	0.0
chr16_37205384	0.0	2.0	0.0	0.0	0.0	0.0
chr16_37348989	0.0	0.0	0.0	0.0	0.0	0.0
chr16_37357989	2.0	0.0	0.0	0.0	0.0	0.0
chr16_37442552	0.0	0.0	0.0	0.0	0.0	0.0
chr16_37582157	0.0	0.0	0.0	0.0	0.0	0.0
chr16_37592678	2.0	0.0	0.0	0.0	0.0	0.0
chr16_37626199	0.0	0.0	0.0	0.0	0.0	0.0
chr16_37639199	0.0	0.0	0.0	0.0	0.0	0.0
chr16_37752283	0.0	0.0	0.0	0.0	0.0	0.0
chr16_37833846	0.0	0.0	0.0	0.0	0.0	0.0
chr16_38074014	0.0	0.0	0.0	0.0	0.0	0.0
chr16_38100535	0.0	0.0	0.0	0.0	0.0	0.0
chr16_38182098	0.0	2.0	0.0	0.0	0.0	0.0
chr16_38226140	0.0	0.0	0.0	0.0	0.0	0.0
chr16_38239140	0.0	0.0	0.0	0.0	0.0	0.0
chr16_38242140	0.0	0.0	0.0	0.0	0.0	0.0
chr16_46386146	44.0	26.0	27.0	24.0	16.0	15.0
chr16_46398146	18.0	6.0	10.0	8.0	8.0	6.0
chr16_46401146	4.0	8.0	4.0	0.0	2.0	2.0
chr16_55602429	2.0	0.0	0.0	0.0	0.0	0.0
chr16_59559848	0.0	0.0	0.0	0.0	0.0	0.0
chr16_60876814	0.0	0.0	0.0	2.0	0.0	0.0
chr16_70208181	0.0	0.0	0.0	0.0	0.0	0.0
chr17_26676135	0.0	0.0	0.0	0.0	0.0	0.0
chr17_26692135	0.0	0.0	0.0	0.0	0.0	0.0
chr17_52549682	0.0	0.0	0.0	0.0	0.0	0.0
chr17_68825173	0.0	0.0	0.0	0.0	0.0	0.0
chr17_70547433	2.0	0.0	0.0	0.0	0.0	0.0
chr18_537378	0.0	0.0	0.0	0.0	0.0	0.0
chr18_4649923	0.0	0.0	0.0	0.0	0.0	0.0
chr18_5681679	0.0	0.0	0.0	0.0	0.0	0.0
chr18_5685679	0.0	0.0	0.0	0.0	0.0	0.0
chr18_7400939	0.0	0.0	0.0	0.0	0.0	0.0
chr18_10572770	0.0	0.0	0.0	0.0	0.0	0.0
chr18_13975290	0.0	0.0	0.0	0.0	0.0	0.0
chr18_16085844	0.0	0.0	0.0	0.0	0.0	0.0
chr18_16094844	0.0	0.0	0.0	0.0	0.0	0.0
chr18_16106844	0.0	0.0	0.0	0.0	0.0	0.0
chr18_16806869	0.0	0.0	0.0	0.0	0.0	0.0
chr18_17044037	0.0	0.0	0.0	0.0	0.0	0.0
chr18_17592936	0.0	0.0	0.0	0.0	0.0	0.0
chr18_17677499	0.0	0.0	0.0	0.0	0.0	0.0
chr18_18147356	0.0	0.0	0.0	0.0	0.0	0.0
chr18_19289196	0.0	0.0	0.0	0.0	0.0	0.0
chr18_22533590	0.0	0.0	0.0	0.0	0.0	0.0
chr18_25485253	0.0	0.0	0.0	0.0	0.0	0.0
chr18_28415916	0.0	0.0	0.0	0.0	0.0	0.0
chr18_56527101	0.0	0.0	0.0	0.0	0.0	0.0
chr18_59403722	0.0	2.0	0.0	0.0	0.0	0.0
chr18_60031184	0.0	0.0	0.0	0.0	0.0	0.0
chr18_61074461	0.0	0.0	0.0	0.0	0.0	0.0
chr18_70855164	0.0	0.0	0.0	0.0	0.0	0.0
chr18_75775776	0.0	0.0	0.0	0.0	0.0	0.0
chr19_257689	0.0	0.0	0.0	0.0	0.0	0.0
chr19_6646393	0.0	0.0	0.0	0.0	0.0	0.0
chr19_23890077	0.0	0.0	0.0	0.0	0.0	0.0
chr19_25612858	0.0	0.0	0.0	0.0	0.0	0.0
chr19_25836505	0.0	0.0	0.0	0.0	0.0	0.0
chr19_26018152	0.0	0.0	0.0	0.0	0.0	0.0
chr19_26073194	0.0	0.0	0.0	0.0	0.0	0.0
chr19_26290841	0.0	0.0	0.0	0.0	0.0	0.0
chr19_26481488	0.0	0.0	0.0	0.0	0.0	0.0
chr19_26897303	0.0	0.0	0.0	0.0	0.0	0.0
chr19_27013387	0.0	0.0	0.0	0.0	0.0	0.0
chr19_27052908	0.0	0.0	0.0	0.0	0.0	0.0
chr19_27056908	0.0	0.0	0.0	0.0	0.0	0.0
chr19_27120950	0.0	0.0	0.0	0.0	0.0	0.0
chr19_27133471	0.0	0.0	0.0	0.0	0.0	2.0
chr19_32258251	0.0	0.0	0.0	0.0	0.0	0.0
chr19_32323293	0.0	2.0	0.0	0.0	0.0	0.0
chr19_34100595	0.0	0.0	0.0	0.0	0.0	0.0
chr19_43865298	0.0	0.0	0.0	0.0	0.0	0.0
chr19_46446188	0.0	0.0	0.0	0.0	0.0	0.0
chr20_131084	0.0	0.0	0.0	0.0	0.0	0.0
chr20_11633047	0.0	0.0	0.0	0.0	0.0	2.0
chr20_11756652	0.0	0.0	0.0	0.0	0.0	0.0
chr20_21891607	0.0	0.0	0.0	0.0	0.0	0.0
chr20_23591867	0.0	0.0	0.0	0.0	0.0	0.0
chr20_26303362	0.0	0.0	0.0	0.0	0.0	0.0
chr20_26344883	0.0	0.0	0.0	0.0	0.0	0.0
chr20_26634093	0.0	0.0	0.0	0.0	0.0	0.0
chr20_28139706	0.0	0.0	0.0	0.0	0.0	0.0
chr20_28276311	0.0	0.0	0.0	0.0	0.0	0.0
chr20_28408916	0.0	0.0	0.0	0.0	0.0	0.0
chr20_30747638	0.0	0.0	0.0	0.0	0.0	0.0
chr20_39369980	0.0	2.0	0.0	0.0	0.0	0.0
chr20_43815256	0.0	0.0	0.0	0.0	0.0	0.0
chr20_55863118	0.0	0.0	0.0	0.0	0.0	0.0
chr20_56107807	0.0	0.0	0.0	0.0	0.0	0.0
chr21_11214753	0.0	0.0	0.0	0.0	0.0	0.0
chr21_11325837	0.0	0.0	0.0	0.0	0.0	0.0
chr21_11468442	0.0	0.0	0.0	0.0	0.0	0.0
chr21_11527484	0.0	0.0	0.0	0.0	0.0	0.0
chr21_11545484	0.0	0.0	0.0	0.0	0.0	0.0
chr21_11894257	0.0	0.0	0.0	0.0	0.0	0.0
chr21_12011341	0.0	0.0	0.0	0.0	0.0	0.0
chr21_12262509	0.0	0.0	0.0	0.0	0.0	0.0
chr21_17376289	0.0	0.0	0.0	0.0	0.0	0.0
chr21_22956884	0.0	0.0	0.0	0.0	0.0	2.0
chr21_28678605	0.0	0.0	0.0	0.0	0.0	0.0
chr22_11273795	0.0	0.0	0.0	0.0	0.0	2.0
chr22_11720610	0.0	0.0	2.0	0.0	0.0	0.0
chr22_12895492	0.0	0.0	0.0	0.0	0.0	0.0
chr22_12903492	0.0	0.0	0.0	0.0	0.0	0.0
chr22_13004055	0.0	0.0	0.0	0.0	0.0	0.0
chr22_13406870	0.0	0.0	0.0	0.0	0.0	0.0
chr22_13487912	0.0	0.0	0.0	0.0	0.0	0.0
chr22_13625517	0.0	0.0	0.0	0.0	0.0	0.0
chr22_13750122	0.0	0.0	0.0	0.0	0.0	0.0
chr22_16198407	0.0	0.0	0.0	0.0	0.0	0.0
chr22_28874252	0.0	0.0	0.0	0.0	0.0	0.0
chr22_34677015	0.0	2.0	0.0	0.0	0.0	0.0
chr22_47438423	0.0	0.0	0.0	0.0	0.0	0.0
chr22_48987557	0.0	0.0	0.0	0.0	0.0	0.0
chrX_17319247	0.0	0.0	0.0	0.0	0.0	0.0
chrX_56699748	0.0	0.0	0.0	0.0	0.0	0.0
chrX_64255292	0.0	0.0	0.0	0.0	0.0	0.0
chrX_70100097	0.0	0.0	0.0	0.0	0.0	0.0
chrX_70212181	0.0	0.0	0.0	0.0	0.0	0.0
chrX_73384533	0.0	0.0	0.0	0.0	0.0	0.0
chrX_88034806	0.0	0.0	0.0	0.0	0.0	0.0
chrX_95600871	0.0	0.0	0.0	0.0	0.0	0.0
chrX_107612733	0.0	0.0	0.0	0.0	0.0	0.0
chrX_110817085	0.0	0.0	0.0	0.0	0.0	0.0
chrX_111638194	0.0	0.0	0.0	0.0	0.0	0.0
