chr_start	GSM5956321	GSM5956322	GSM5956323	GSM5956324	GSM5956325	GSM5956326	GSM5956327	GSM5956328	GSM5956329	GSM5956330	GSM5956331	GSM5956332	GSM5956333	GSM5956334	GSM5956335	GSM5956336	GSM5956337	GSM5956338
chr14_28191748	8.0	12.0	14.0	8.0	18.0	16.0	12.0	8.0	14.0	8.0	14.0	12.0	16.0	8.0	4.0	10.0	10.0	4.0
chr12_35970981	24.0	12.0	8.0	6.0	12.0	10.0	8.0	12.0	6.0	0.0	0.0	8.0	10.0	8.0	8.0	10.0	0.0	16.0
chr3_26397925	6.0	6.0	10.0	20.0	12.0	10.0	18.0	20.0	14.0	10.0	10.0	16.0	14.0	4.0	10.0	6.0	10.0	14.0
chr2_127005013	6.0	2.0	6.0	10.0	4.0	8.0	8.0	4.0	4.0	14.0	8.0	4.0	4.0	4.0	2.0	6.0	20.0	8.0
chr2_153253333	20.0	8.0	18.0	16.0	8.0	14.0	10.0	10.0	10.0	16.0	2.0	12.0	12.0	6.0	10.0	6.0	16.0	18.0
chr1_209140972	4.0	2.0	4.0	2.0	8.0	6.0	14.0	8.0	10.0	12.0	0.0	6.0	6.0	8.0	4.0	6.0	2.0	4.0
chr18_28415916	30.0	14.0	14.0	24.0	14.0	26.0	22.0	14.0	22.0	14.0	24.0	36.0	24.0	14.0	26.0	14.0	14.0	24.0
chr21_12011341	8.0	0.0	2.0	2.0	6.0	2.0	6.0	0.0	2.0	6.0	2.0	4.0	2.0	4.0	2.0	2.0	6.0	8.0
chrX_88034806	4.0	6.0	4.0	2.0	10.0	2.0	6.0	2.0	2.0	0.0	2.0	2.0	0.0	2.0	4.0	6.0	4.0	0.0
chr7_9807703	8.0	6.0	10.0	18.0	8.0	16.0	8.0	6.0	10.0	14.0	4.0	12.0	10.0	10.0	10.0	12.0	2.0	8.0
chr12_127095576	12.0	18.0	18.0	34.0	24.0	16.0	22.0	12.0	14.0	16.0	10.0	17.0	14.0	14.0	8.0	18.0	14.0	14.0
chr11_34687536	6.0	0.0	0.0	8.0	8.0	8.0	4.0	4.0	2.0	6.0	2.0	2.0	2.0	4.0	8.0	2.0	6.0	12.0
chr22_11720610	10.0	4.0	4.0	6.0	6.0	6.0	4.0	0.0	6.0	2.0	2.0	4.0	6.0	4.0	2.0	2.0	4.0	0.0
chr8_108502884	4.0	4.0	0.0	2.0	6.0	8.0	2.0	4.0	0.0	2.0	2.0	6.0	6.0	8.0	4.0	2.0	4.0	6.0
chr6_23676430	2.0	2.0	2.0	6.0	0.0	2.0	2.0	2.0	0.0	4.0	1.0	2.0	4.0	8.0	2.0	2.0	4.0	0.0
chr18_17044037	2.0	2.0	2.0	0.0	2.0	4.0	2.0	4.0	4.0	2.0	0.0	8.0	2.0	4.0	0.0	2.0	8.0	0.0
chr15_19796574	12.0	10.0	10.0	16.0	24.0	10.0	16.0	20.0	10.0	6.0	10.0	10.0	16.0	16.0	4.0	6.0	2.0	12.0
chr12_93959174	4.0	4.0	2.0	0.0	2.0	2.0	4.0	2.0	8.0	4.0	6.0	4.0	6.0	0.0	6.0	6.0	2.0	6.0
chr5_49020078	6.0	4.0	8.0	12.0	6.0	12.0	6.0	6.0	6.0	7.0	4.0	2.0	14.0	8.0	6.0	4.0	6.0	8.0
chr1_224338665	10.0	22.0	6.0	16.0	20.0	12.0	14.0	14.0	14.0	20.0	10.0	18.0	16.0	24.0	8.0	20.0	26.0	24.0
chr11_24329413	14.0	10.0	18.0	12.0	18.0	16.0	12.0	18.0	10.0	4.0	10.0	12.0	20.0	22.0	10.0	12.0	10.0	8.0
chr8_44629844	8.0	10.0	6.0	6.0	8.0	2.0	10.0	0.0	6.0	12.0	0.0	4.0	8.0	2.0	2.0	4.0	2.0	2.0
chr3_88503663	4.0	6.0	2.0	4.0	2.0	0.0	12.0	6.0	2.0	2.0	2.0	12.0	2.0	2.0	2.0	10.0	10.0	2.0
chr3_88505663	4.0	6.0	4.0	6.0	0.0	2.0	10.0	4.0	0.0	6.0	2.0	2.0	4.0	8.0	12.0	2.0	2.0	4.0
chr22_12903492	6.0	6.0	8.0	4.0	2.0	6.0	4.0	2.0	2.0	4.0	0.0	4.0	6.0	4.0	2.0	2.0	2.0	2.0
chr2_211220005	24.0	18.0	12.0	18.0	12.0	26.0	26.0	10.0	8.0	18.0	18.0	18.0	22.0	16.0	24.0	32.0	15.0	22.0
chr3_63212536	6.0	12.0	8.0	4.0	8.0	2.0	8.0	2.0	8.0	6.0	6.0	10.0	4.0	2.0	2.0	12.0	6.0	0.0
chr3_63215536	2.0	2.0	10.0	2.0	6.0	4.0	0.0	0.0	4.0	2.0	2.0	6.0	2.0	2.0	4.0	10.0	2.0	0.0
chr7_19790053	6.0	6.0	10.0	22.0	12.0	14.0	8.0	6.0	12.0	6.0	4.0	6.0	20.0	16.0	4.0	2.0	8.0	24.0
chr15_74522852	8.0	2.0	10.0	6.0	4.0	6.0	6.0	0.0	0.0	6.0	10.0	4.0	6.0	10.0	6.0	12.0	10.0	6.0
chr13_26769698	14.0	12.0	6.0	12.0	10.0	6.0	8.0	8.0	4.0	10.0	6.0	6.0	25.0	10.0	8.0	12.0	12.0	4.0
chr4_91981225	12.0	14.0	8.0	12.0	10.0	2.0	16.0	14.0	8.0	10.0	2.0	10.0	4.0	12.0	10.0	0.0	6.0	6.0
chr3_193118691	8.0	14.0	4.0	10.0	8.0	12.0	10.0	0.0	12.0	12.0	10.0	6.0	12.0	10.0	10.0	4.0	6.0	8.0
chr8_134071700	18.0	11.0	20.0	20.0	16.0	24.0	18.0	14.0	18.0	8.0	12.0	14.0	16.0	20.0	18.0	12.0	14.0	8.0
chr3_169682429	18.0	8.0	10.0	6.0	10.0	4.0	4.0	8.0	6.0	8.0	14.0	10.0	2.0	8.0	8.0	8.0	10.0	8.0
chr20_28276311	10.0	4.0	8.0	6.0	9.0	12.0	8.0	0.0	16.0	4.0	5.0	6.0	10.0	14.0	8.0	4.0	2.0	2.0
chr20_23591867	12.0	2.0	6.0	12.0	8.0	8.0	8.0	4.0	10.0	6.0	0.0	6.0	8.0	8.0	10.0	8.0	6.0	8.0
chr7_17566415	12.0	8.0	16.0	14.0	10.0	10.0	16.0	6.0	6.0	10.0	10.0	12.0	12.0	12.0	4.0	2.0	6.0	12.0
chr9_114814025	16.0	8.0	10.0	8.0	12.0	20.0	4.0	26.0	10.0	6.0	14.0	14.0	16.0	6.0	8.0	16.0	6.0	20.0
chr14_18350003	16.0	14.0	18.0	18.0	14.0	10.0	12.0	14.0	8.0	8.0	6.0	18.0	20.0	14.0	16.0	10.0	2.0	20.0
chr8_29452672	2.0	6.0	4.0	4.0	4.0	10.0	0.0	6.0	2.0	6.0	0.0	6.0	6.0	8.0	0.0	2.0	0.0	2.0
chr18_17677499	12.0	4.0	4.0	0.0	0.0	4.0	8.0	6.0	2.0	8.0	6.0	4.0	14.0	8.0	8.0	4.0	2.0	0.0
chr8_188126	2.0	4.0	8.0	2.0	10.0	4.0	4.0	4.0	10.0	4.0	0.0	8.0	10.0	2.0	6.0	6.0	8.0	6.0
chr6_45670121	4.0	16.0	16.0	14.0	22.0	12.0	10.0	6.0	16.0	8.0	6.0	12.0	6.0	4.0	10.0	8.0	12.0	10.0
chr3_40902114	12.0	4.0	10.0	6.0	16.0	10.0	12.0	12.0	18.0	14.0	12.0	16.0	10.0	8.0	14.0	16.0	2.0	16.0
chr3_40906114	4.0	2.0	2.0	12.0	2.0	0.0	6.0	6.0	4.0	4.0	6.0	2.0	2.0	10.0	2.0	2.0	0.0	4.0
chr10_84758891	2.0	2.0	4.0	8.0	2.0	8.0	16.0	2.0	2.0	2.0	10.0	4.0	4.0	2.0	2.0	0.0	2.0	2.0
chr10_84774412	6.0	4.0	0.0	6.0	2.0	2.0	4.0	4.0	2.0	2.0	2.0	0.0	2.0	6.0	0.0	4.0	0.0	0.0
chr3_93427275	12.0	12.0	8.0	8.0	14.0	4.0	12.0	6.0	10.0	4.0	0.0	12.0	10.0	6.0	6.0	14.0	6.0	8.0
chr3_93473317	10.0	2.0	8.0	6.0	10.0	10.0	6.0	2.0	16.0	8.0	4.0	8.0	6.0	2.0	8.0	14.0	6.0	0.0
chr2_57271168	8.0	2.0	4.0	10.0	16.0	6.0	10.0	8.0	6.0	6.0	2.0	8.0	6.0	4.0	10.0	2.0	2.0	6.0
chr2_57283168	24.0	18.0	22.0	14.0	18.0	28.0	14.0	10.0	4.0	14.0	4.0	12.0	18.0	12.0	16.0	6.0	12.0	8.0
chr16_31630789	10.0	8.0	22.0	8.0	4.0	16.0	22.0	12.0	10.0	6.0	8.0	12.0	14.0	8.0	18.0	12.0	14.0	12.0
chr16_31688831	4.0	8.0	8.0	4.0	14.0	14.0	6.0	6.0	10.0	14.0	10.0	6.0	0.0	8.0	2.0	14.0	8.0	0.0
chr3_92148830	8.0	4.0	4.0	10.0	10.0	2.0	0.0	2.0	4.0	10.0	0.0	4.0	8.0	2.0	8.0	4.0	2.0	4.0
chr3_92163351	16.0	10.0	8.0	16.0	10.0	18.0	14.0	4.0	14.0	6.0	14.0	8.0	12.0	4.0	8.0	10.0	8.0	14.0
chr1_78562834	8.0	6.0	4.0	8.0	4.0	12.0	4.0	2.0	6.0	12.0	16.0	14.0	8.0	16.0	14.0	10.0	12.0	4.0
chr7_59213596	20.0	16.0	10.0	12.0	20.0	16.0	12.0	10.0	18.0	8.0	14.0	10.0	14.0	16.0	20.0	10.0	8.0	16.0
chr7_59236596	10.0	12.0	2.0	26.0	12.0	12.0	0.0	12.0	18.0	6.0	2.0	20.0	12.0	6.0	19.0	12.0	10.0	6.0
chr2_168402984	4.0	8.0	6.0	0.0	4.0	6.0	6.0	2.0	2.0	4.0	8.0	8.0	6.0	4.0	2.0	2.0	10.0	0.0
chr18_18147356	2.0	6.0	4.0	6.0	2.0	0.0	6.0	0.0	2.0	0.0	2.0	0.0	2.0	4.0	4.0	2.0	2.0	6.0
chr3_26883782	8.0	18.0	14.0	0.0	12.0	12.0	10.0	12.0	10.0	12.0	8.0	4.0	10.0	14.0	8.0	10.0	12.0	0.0
chr1_78848044	8.0	10.0	6.0	10.0	6.0	10.0	0.0	6.0	0.0	10.0	6.0	10.0	4.0	0.0	6.0	12.0	6.0	6.0
chr6_80634867	4.0	2.0	4.0	0.0	6.0	6.0	8.0	2.0	4.0	2.0	2.0	0.0	0.0	4.0	0.0	2.0	2.0	6.0
chr19_26018152	7.0	8.0	10.0	10.0	12.0	2.0	10.0	14.0	4.0	7.0	2.0	1.0	6.0	8.0	6.0	0.0	6.0	10.0
chr19_26073194	2.0	4.0	6.0	8.0	4.0	4.0	10.0	4.0	6.0	6.0	10.0	2.0	6.0	4.0	5.0	0.0	10.0	6.0
chr2_129410777	18.0	16.0	24.0	18.0	18.0	10.0	12.0	18.0	8.0	10.0	16.0	10.0	14.0	20.0	8.0	6.0	10.0	8.0
chr2_129415777	4.0	6.0	10.0	4.0	6.0	12.0	12.0	10.0	0.0	6.0	10.0	6.0	14.0	12.0	0.0	12.0	0.0	6.0
chr7_34907183	4.0	2.0	8.0	6.0	2.0	0.0	10.0	8.0	4.0	2.0	0.0	6.0	4.0	6.0	0.0	6.0	4.0	8.0
chrX_107612733	4.0	8.0	2.0	2.0	14.0	8.0	2.0	2.0	2.0	4.0	2.0	0.0	2.0	2.0	4.0	8.0	2.0	0.0
chr1_157342836	10.0	4.0	8.0	2.0	6.0	6.0	0.0	2.0	4.0	6.0	2.0	8.0	0.0	4.0	2.0	0.0	4.0	4.0
chr1_144094092	18.0	2.0	10.0	10.0	8.0	10.0	12.0	4.0	14.0	10.0	6.0	4.0	6.0	10.0	10.0	10.0	0.0	6.0
chr1_144097092	6.0	12.0	10.0	6.0	8.0	12.0	12.0	10.0	8.0	2.0	4.0	0.0	8.0	6.0	8.0	0.0	0.0	4.0
chr7_112555866	0.0	8.0	2.0	0.0	6.0	10.0	6.0	2.0	2.0	2.0	6.0	2.0	2.0	6.0	4.0	4.0	0.0	10.0
chr11_51281758	4.0	6.0	0.0	6.0	6.0	0.0	4.0	4.0	2.0	5.0	2.0	4.0	2.0	3.0	5.0	0.0	6.0	4.0
chr3_89869671	24.0	20.0	30.0	18.0	28.0	16.0	18.0	12.0	10.0	16.0	18.0	30.0	22.0	20.0	12.0	12.0	6.0	14.0
chr19_26897303	24.0	16.0	26.0	15.0	15.0	37.0	22.0	22.0	8.0	14.0	10.0	13.0	22.0	18.0	16.0	16.0	8.0	18.0
chr6_23808514	2.0	0.0	8.0	2.0	12.0	0.0	4.0	2.0	4.0	2.0	2.0	4.0	6.0	8.0	2.0	8.0	8.0	0.0
chr22_13750122	10.0	4.0	8.0	4.0	8.0	6.0	4.0	2.0	2.0	4.0	4.0	4.0	6.0	2.0	2.0	2.0	0.0	2.0
chr11_56683227	8.0	10.0	10.0	14.0	8.0	8.0	4.0	8.0	4.0	4.0	4.0	6.0	6.0	8.0	4.0	10.0	6.0	10.0
chr2_184947164	20.0	14.0	10.0	20.0	20.0	14.0	26.0	18.0	10.0	16.0	14.0	14.0	18.0	20.0	22.0	14.0	12.0	24.0
chr16_37037258	10.0	8.0	12.0	20.0	14.0	14.0	6.0	2.0	10.0	10.0	4.0	6.0	16.0	4.0	12.0	6.0	12.0	12.0
chr12_97220568	8.0	4.0	6.0	2.0	2.0	6.0	4.0	2.0	2.0	4.0	6.0	6.0	2.0	8.0	12.0	2.0	0.0	2.0
chr5_68378837	10.0	10.0	8.0	8.0	14.0	12.0	14.0	12.0	10.0	6.0	6.0	4.0	12.0	2.0	4.0	6.0	2.0	4.0
chr1_162453095	2.0	4.0	6.0	2.0	4.0	6.0	6.0	6.0	2.0	2.0	2.0	4.0	8.0	8.0	4.0	4.0	2.0	4.0
chr16_26824740	0.0	6.0	8.0	8.0	10.0	8.0	4.0	4.0	4.0	6.0	8.0	4.0	4.0	4.0	0.0	2.0	4.0	10.0
chr4_57340210	4.0	10.0	12.0	8.0	6.0	9.0	4.0	8.0	8.0	2.0	2.0	12.0	2.0	10.0	6.0	4.0	8.0	6.0
chr4_57385252	6.0	2.0	6.0	6.0	6.0	8.0	4.0	2.0	2.0	6.0	4.0	4.0	10.0	6.0	2.0	6.0	4.0	6.0
chr4_137497220	8.0	18.0	14.0	8.0	10.0	6.0	8.0	8.0	10.0	2.0	4.0	10.0	8.0	14.0	4.0	8.0	4.0	6.0
chr4_137499741	0.0	6.0	12.0	6.0	8.0	2.0	6.0	8.0	8.0	4.0	4.0	4.0	4.0	0.0	4.0	4.0	4.0	8.0
chr1_164460086	20.0	30.0	14.0	18.0	26.0	18.0	30.0	22.0	20.0	20.0	10.0	22.0	20.0	20.0	20.0	12.0	20.0	24.0
chr10_2631932	6.0	0.0	0.0	6.0	4.0	2.0	2.0	2.0	0.0	6.0	2.0	4.0	2.0	2.0	0.0	0.0	2.0	6.0
chr16_37205384	10.0	24.0	8.0	22.0	10.0	30.0	12.0	24.0	16.0	12.0	18.0	22.0	12.0	32.0	20.0	14.0	10.0	14.0
chr14_17359768	4.0	8.0	2.0	6.0	6.0	4.0	2.0	0.0	4.0	2.0	2.0	4.0	2.0	2.0	0.0	0.0	0.0	6.0
chr14_17365768	8.0	12.0	8.0	14.0	14.0	16.0	14.0	4.0	12.0	6.0	6.0	10.0	12.0	14.0	14.0	20.0	6.0	10.0
chr21_11894257	4.0	12.0	8.0	4.0	2.0	2.0	8.0	6.0	4.0	4.0	4.0	6.0	6.0	6.0	4.0	2.0	6.0	10.0
chr8_44221550	10.0	4.0	2.0	10.0	8.0	1.0	4.0	4.0	8.0	7.0	2.0	0.0	4.0	2.0	8.0	3.0	3.0	4.0
chr7_85330311	10.0	0.0	6.0	8.0	10.0	6.0	10.0	8.0	6.0	4.0	8.0	0.0	10.0	4.0	6.0	4.0	12.0	4.0
chr7_85332311	14.0	22.0	12.0	16.0	10.0	8.0	2.0	14.0	8.0	10.0	6.0	4.0	8.0	2.0	10.0	12.0	2.0	12.0
chr3_132946381	14.0	32.0	12.0	26.0	18.0	14.0	18.0	12.0	8.0	22.0	8.0	22.0	20.0	20.0	10.0	16.0	8.0	12.0
chr5_57943151	18.0	22.0	18.0	16.0	16.0	20.0	14.0	16.0	12.0	14.0	14.0	8.0	20.0	26.0	4.0	14.0	14.0	24.0
chr13_85124664	2.0	6.0	6.0	6.0	6.0	2.0	2.0	6.0	2.0	2.0	4.0	2.0	6.0	4.0	8.0	4.0	8.0	2.0
chr13_85126664	4.0	10.0	2.0	10.0	8.0	10.0	8.0	12.0	10.0	4.0	8.0	10.0	8.0	6.0	4.0	8.0	6.0	6.0
chr18_56527101	2.0	6.0	4.0	2.0	2.0	4.0	2.0	8.0	0.0	2.0	0.0	6.0	6.0	4.0	8.0	0.0	0.0	4.0
chr3_90169881	17.0	12.0	8.0	12.0	10.0	14.0	0.0	8.0	4.0	6.0	2.0	4.0	14.0	2.0	4.0	10.0	8.0	12.0
chr5_58384487	18.0	24.0	18.0	14.0	10.0	24.0	20.0	20.0	12.0	4.0	12.0	22.0	16.0	12.0	18.0	14.0	14.0	18.0
chr5_175719881	14.0	12.0	18.0	16.0	22.0	20.0	18.0	4.0	16.0	4.0	10.0	14.0	8.0	14.0	16.0	10.0	14.0	22.0
chr1_123063594	8.0	12.0	6.0	12.0	19.0	14.0	10.0	6.0	10.0	6.0	6.0	8.0	14.0	6.0	14.0	8.0	4.0	4.0
chr20_55863118	12.0	12.0	6.0	8.0	12.0	12.0	18.0	6.0	4.0	10.0	6.0	12.0	16.0	12.0	18.0	12.0	6.0	12.0
chr3_135822002	16.0	16.0	18.0	18.0	34.0	18.0	8.0	26.0	10.0	14.0	14.0	8.0	14.0	16.0	8.0	12.0	16.0	8.0
chr21_11325837	18.0	14.0	6.0	10.0	8.0	8.0	8.0	8.0	14.0	8.0	4.0	6.0	10.0	8.0	8.0	10.0	10.0	6.0
chr1_145223411	8.0	4.0	8.0	8.0	8.0	10.0	6.0	8.0	4.0	2.0	6.0	12.0	10.0	2.0	12.0	0.0	8.0	6.0
chr1_145257453	14.0	10.0	18.0	10.0	20.0	14.0	20.0	10.0	14.0	6.0	10.0	16.0	8.0	14.0	14.0	10.0	12.0	22.0
chr5_101303071	6.0	2.0	4.0	6.0	2.0	4.0	4.0	14.0	6.0	14.0	12.0	10.0	10.0	6.0	4.0	4.0	0.0	0.0
chr7_24044203	4.0	10.0	6.0	12.0	10.0	4.0	12.0	12.0	20.0	12.0	12.0	12.0	8.0	16.0	8.0	16.0	14.0	22.0
chr3_92805813	18.0	6.0	6.0	8.0	6.0	6.0	4.0	6.0	6.0	6.0	4.0	0.0	2.0	4.0	6.0	2.0	4.0	2.0
chr16_21925128	4.0	0.0	8.0	4.0	6.0	8.0	6.0	6.0	6.0	2.0	2.0	4.0	0.0	10.0	0.0	10.0	8.0	10.0
chr2_92861855	4.0	8.0	4.0	16.0	10.0	2.0	8.0	3.0	0.0	6.0	6.0	4.0	6.0	7.0	6.0	7.0	4.0	5.0
chr9_88119369	4.0	8.0	6.0	6.0	6.0	12.0	6.0	8.0	2.0	4.0	6.0	10.0	4.0	0.0	8.0	6.0	0.0	8.0
chr5_47637070	2.0	2.0	10.0	2.0	10.0	6.0	4.0	0.0	1.0	2.0	5.0	2.0	6.0	0.0	2.0	4.0	2.0	6.0
chr2_194834951	14.0	8.0	6.0	6.0	14.0	12.0	10.0	14.0	18.0	12.0	8.0	12.0	12.0	14.0	14.0	4.0	6.0	4.0
chr19_25836505	6.0	12.0	10.0	2.0	4.0	0.0	2.0	4.0	0.0	6.0	6.0	4.0	6.0	4.0	10.0	6.0	4.0	8.0
chr2_60141268	48.0	32.0	26.0	32.0	38.0	52.0	50.0	24.0	18.0	30.0	28.0	22.0	22.0	20.0	38.0	24.0	26.0	32.0
chr1_35647729	10.0	4.0	8.0	20.0	12.0	14.0	26.0	10.0	10.0	8.0	10.0	16.0	10.0	18.0	12.0	18.0	10.0	18.0
chr5_57355731	8.0	4.0	6.0	12.0	4.0	2.0	4.0	4.0	2.0	8.0	8.0	2.0	8.0	4.0	8.0	10.0	4.0	4.0
chr5_57377731	6.0	4.0	8.0	12.0	8.0	6.0	12.0	4.0	0.0	0.0	2.0	2.0	6.0	8.0	10.0	0.0	6.0	8.0
chr1_172759697	14.0	2.0	2.0	6.0	8.0	8.0	8.0	8.0	12.0	6.0	6.0	6.0	12.0	12.0	8.0	10.0	6.0	10.0
chr7_156320080	16.0	10.0	8.0	24.0	10.0	8.0	12.0	12.0	12.0	10.0	6.0	4.0	10.0	6.0	10.0	6.0	6.0	6.0
chr1_221383002	4.0	6.0	10.0	12.0	12.0	12.0	10.0	8.0	12.0	8.0	12.0	4.0	8.0	10.0	6.0	10.0	12.0	10.0
chr1_172650613	4.0	4.0	4.0	4.0	6.0	2.0	6.0	8.0	2.0	4.0	4.0	4.0	8.0	4.0	0.0	0.0	2.0	2.0
chr7_10166476	18.0	18.0	20.0	14.0	18.0	16.0	14.0	16.0	0.0	16.0	6.0	14.0	16.0	6.0	14.0	12.0	14.0	18.0
chr7_10170476	6.0	2.0	4.0	12.0	6.0	4.0	10.0	4.0	4.0	0.0	6.0	4.0	4.0	2.0	4.0	2.0	2.0	6.0
chr1_203647	10.0	8.0	8.0	20.0	12.0	16.0	6.0	8.0	12.0	8.0	6.0	2.0	8.0	4.0	6.0	18.0	4.0	8.0
chr20_21891607	10.0	10.0	24.0	6.0	12.0	18.0	10.0	8.0	4.0	8.0	4.0	10.0	6.0	16.0	8.0	14.0	6.0	10.0
chr4_57565378	10.0	10.0	4.0	4.0	2.0	4.0	6.0	0.0	2.0	2.0	2.0	6.0	6.0	2.0	2.0	4.0	10.0	4.0
chr3_122137922	12.0	18.0	16.0	34.0	20.0	30.0	12.0	24.0	20.0	8.0	10.0	26.0	14.0	22.0	6.0	10.0	12.0	6.0
chr2_97274610	0.0	8.0	8.0	2.0	0.0	6.0	4.0	8.0	10.0	10.0	2.0	8.0	2.0	4.0	2.0	6.0	6.0	4.0
chr5_63942561	2.0	2.0	6.0	0.0	4.0	2.0	10.0	0.0	4.0	6.0	4.0	4.0	8.0	4.0	12.0	6.0	0.0	0.0
chr10_20569641	8.0	18.0	16.0	16.0	22.0	21.0	18.0	8.0	18.0	10.0	16.0	12.0	6.0	18.0	10.0	26.0	10.0	16.0
chr9_66036115	32.0	22.0	32.0	28.0	34.0	40.0	30.0	18.0	38.0	34.0	22.0	32.0	34.0	26.0	32.0	30.0	40.0	34.0
chr1_124141392	4.0	10.0	4.0	12.0	8.0	12.0	4.0	2.0	5.0	8.0	2.0	14.0	6.0	2.0	8.0	4.0	4.0	11.0
chr19_34100595	4.0	4.0	4.0	14.0	6.0	10.0	2.0	8.0	2.0	2.0	2.0	4.0	8.0	2.0	4.0	6.0	4.0	14.0
chr4_89392814	8.0	6.0	4.0	12.0	10.0	4.0	8.0	4.0	6.0	6.0	8.0	8.0	10.0	6.0	4.0	2.0	8.0	2.0
chr13_16401575	6.0	14.0	6.0	14.0	10.0	8.0	16.0	12.0	8.0	8.0	4.0	18.0	2.0	22.0	14.0	6.0	12.0	16.0
chr13_16488138	6.0	8.0	12.0	12.0	6.0	4.0	8.0	6.0	6.0	8.0	4.0	10.0	0.0	4.0	8.0	8.0	8.0	12.0
chr21_11214753	16.0	10.0	14.0	12.0	14.0	20.0	10.0	6.0	18.0	20.0	8.0	16.0	8.0	10.0	8.0	10.0	6.0	10.0
chr3_92318956	4.0	4.0	2.0	12.0	6.0	6.0	6.0	8.0	6.0	6.0	4.0	10.0	4.0	4.0	12.0	10.0	10.0	0.0
chr10_81711144	2.0	0.0	6.0	2.0	8.0	4.0	6.0	2.0	2.0	4.0	4.0	2.0	2.0	4.0	0.0	6.0	2.0	0.0
chr10_81712665	8.0	8.0	10.0	4.0	14.0	10.0	2.0	6.0	4.0	2.0	8.0	8.0	8.0	10.0	10.0	10.0	8.0	0.0
chr22_16198407	2.0	2.0	12.0	0.0	10.0	0.0	2.0	4.0	0.0	8.0	6.0	2.0	4.0	2.0	4.0	2.0	2.0	6.0
chr9_115768739	6.0	8.0	8.0	6.0	12.0	4.0	20.0	8.0	18.0	14.0	6.0	16.0	4.0	6.0	22.0	12.0	4.0	4.0
chrX_56699748	6.0	6.0	6.0	12.0	10.0	4.0	6.0	10.0	0.0	10.0	4.0	4.0	0.0	4.0	6.0	10.0	4.0	6.0
chr3_90336007	12.0	8.0	8.0	20.0	14.0	16.0	8.0	10.0	12.0	10.0	8.0	12.0	20.0	4.0	10.0	10.0	10.0	20.0
chr6_65042	16.0	10.0	16.0	10.0	22.0	6.0	16.0	11.0	2.0	10.0	4.0	6.0	14.0	10.0	12.0	12.0	8.0	12.0
chr5_127124097	10.0	6.0	10.0	26.0	20.0	6.0	6.0	12.0	10.0	12.0	2.0	16.0	14.0	8.0	10.0	16.0	8.0	4.0
chr7_62284343	18.0	18.0	16.0	18.0	16.0	16.0	20.0	28.0	12.0	12.0	4.0	18.0	14.0	18.0	12.0	16.0	16.0	14.0
chr8_91522368	6.0	6.0	8.0	8.0	4.0	8.0	4.0	2.0	4.0	0.0	4.0	10.0	2.0	2.0	6.0	2.0	4.0	2.0
chr8_91523889	4.0	8.0	14.0	4.0	14.0	10.0	12.0	14.0	16.0	8.0	8.0	10.0	12.0	12.0	4.0	6.0	4.0	14.0
chr16_23721951	2.0	8.0	6.0	6.0	2.0	2.0	0.0	4.0	0.0	4.0	0.0	0.0	8.0	2.0	2.0	8.0	2.0	4.0
chr16_23776993	4.0	14.0	6.0	8.0	10.0	4.0	6.0	4.0	2.0	6.0	6.0	8.0	6.0	6.0	8.0	10.0	4.0	6.0
chr5_112031488	0.0	4.0	4.0	2.0	14.0	6.0	4.0	6.0	4.0	4.0	2.0	6.0	4.0	8.0	4.0	4.0	8.0	8.0
chr5_123931745	34.0	20.0	18.0	20.0	22.0	22.0	20.0	16.0	8.0	10.0	16.0	22.0	18.0	20.0	36.0	22.0	14.0	18.0
chr6_14560710	6.0	2.0	6.0	0.0	4.0	6.0	6.0	12.0	2.0	10.0	0.0	6.0	8.0	2.0	2.0	2.0	6.0	2.0
chr4_11144190	6.0	6.0	4.0	12.0	4.0	6.0	6.0	6.0	4.0	4.0	6.0	6.0	4.0	2.0	14.0	12.0	2.0	8.0
chr7_42811021	8.0	10.0	8.0	8.0	10.0	8.0	4.0	12.0	4.0	6.0	6.0	4.0	8.0	6.0	6.0	4.0	4.0	2.0
chr13_61325150	24.0	20.0	8.0	10.0	22.0	30.0	24.0	14.0	10.0	12.0	10.0	16.0	14.0	12.0	8.0	14.0	10.0	20.0
chr20_11633047	6.0	18.0	16.0	10.0	14.0	14.0	8.0	16.0	14.0	6.0	10.0	12.0	12.0	14.0	10.0	12.0	6.0	12.0
chr18_16106844	8.0	4.0	6.0	8.0	4.0	10.0	4.0	4.0	2.0	4.0	1.0	8.0	2.0	10.0	3.0	0.0	4.0	4.0
chr5_131111037	6.0	16.0	20.0	4.0	20.0	8.0	10.0	6.0	4.0	16.0	8.0	8.0	8.0	6.0	4.0	0.0	10.0	6.0
chr3_145025764	10.0	2.0	6.0	2.0	6.0	6.0	8.0	0.0	4.0	4.0	8.0	0.0	6.0	2.0	8.0	10.0	4.0	2.0
chr16_37833846	18.0	12.0	18.0	12.0	24.0	26.0	6.0	10.0	11.0	12.0	2.0	6.0	18.0	8.0	12.0	2.0	8.0	14.0
chr18_19289196	0.0	0.0	0.0	2.0	0.0	4.0	0.0	4.0	4.0	0.0	2.0	6.0	0.0	4.0	2.0	4.0	0.0	2.0
chr5_52609724	12.0	4.0	10.0	12.0	4.0	10.0	8.0	10.0	12.0	6.0	2.0	12.0	10.0	6.0	6.0	4.0	6.0	10.0
chr13_58672697	16.0	30.0	18.0	14.0	22.0	14.0	10.0	8.0	12.0	18.0	8.0	18.0	16.0	18.0	24.0	6.0	18.0	14.0
chr7_152978123	16.0	16.0	24.0	20.0	12.0	10.0	6.0	6.0	6.0	12.0	10.0	6.0	14.0	14.0	2.0	8.0	12.0	12.0
chr6_12550240	18.0	14.0	24.0	12.0	20.0	20.0	16.0	10.0	18.0	2.0	14.0	24.0	24.0	20.0	36.0	6.0	12.0	18.0
chr4_50371086	34.0	10.0	28.0	22.0	20.0	30.0	8.0	32.0	16.0	20.0	14.0	10.0	22.0	16.0	20.0	20.0	8.0	28.0
chr7_48686347	36.0	30.0	28.0	34.0	38.0	28.0	34.0	22.0	18.0	16.0	18.0	40.0	38.0	24.0	26.0	16.0	18.0	14.0
chr4_4955133	28.0	14.0	18.0	28.0	24.0	24.0	14.0	16.0	8.0	26.0	16.0	18.0	14.0	18.0	18.0	10.0	12.0	20.0
chr13_16732306	4.0	0.0	4.0	2.0	4.0	4.0	2.0	6.0	0.0	0.0	2.0	2.0	0.0	0.0	0.0	0.0	0.0	0.0
chr6_145071806	10.0	14.0	0.0	16.0	12.0	12.0	16.0	8.0	14.0	18.0	8.0	6.0	12.0	2.0	12.0	12.0	10.0	12.0
chr2_57587899	16.0	36.0	28.0	28.0	18.0	12.0	16.0	26.0	8.0	20.0	12.0	22.0	20.0	26.0	8.0	14.0	12.0	16.0
chr16_16722306	16.0	14.0	24.0	10.0	12.0	14.0	18.0	12.0	16.0	10.0	14.0	8.0	10.0	16.0	8.0	14.0	16.0	8.0
chr7_63469225	14.0	16.0	22.0	20.0	22.0	18.0	18.0	14.0	14.0	8.0	6.0	14.0	12.0	6.0	14.0	22.0	10.0	10.0
chr10_10691854	12.0	10.0	14.0	14.0	12.0	12.0	14.0	10.0	8.0	14.0	6.0	16.0	16.0	4.0	16.0	8.0	10.0	14.0
chr11_109178388	28.0	22.0	18.0	32.0	20.0	18.0	20.0	28.0	14.0	22.0	18.0	16.0	20.0	16.0	24.0	22.0	12.0	22.0
chr5_16337012	16.0	6.0	12.0	16.0	12.0	28.0	14.0	12.0	14.0	16.0	14.0	10.0	28.0	8.0	4.0	14.0	14.0	10.0
chr8_44885533	14.0	16.0	8.0	13.0	8.0	10.0	6.0	16.0	4.0	12.0	4.0	8.0	10.0	14.0	14.0	10.0	8.0	10.0
chr4_19949179	0.0	2.0	2.0	8.0	2.0	8.0	8.0	4.0	8.0	0.0	4.0	6.0	3.0	2.0	4.0	10.0	6.0	2.0
chr5_106425851	10.0	20.0	14.0	18.0	12.0	26.0	14.0	10.0	14.0	8.0	10.0	10.0	12.0	14.0	12.0	16.0	14.0	8.0
chr9_86607756	2.0	6.0	4.0	2.0	0.0	6.0	4.0	4.0	4.0	6.0	2.0	2.0	0.0	8.0	4.0	8.0	4.0	6.0
chr18_60031184	4.0	2.0	2.0	8.0	0.0	8.0	2.0	2.0	0.0	0.0	2.0	0.0	2.0	2.0	2.0	4.0	0.0	2.0
chr5_52247951	12.0	10.0	6.0	10.0	11.0	8.0	6.0	12.0	0.0	6.0	10.0	8.0	8.0	10.0	10.0	8.0	2.0	6.0
chr11_127777080	26.0	32.0	22.0	16.0	18.0	22.0	20.0	10.0	30.0	26.0	18.0	18.0	26.0	22.0	28.0	22.0	16.0	6.0
chr2_93623922	14.0	8.0	12.0	6.0	16.0	11.0	7.0	6.0	8.0	8.0	6.0	10.0	6.0	13.0	8.0	9.0	3.0	4.0
chr2_116928579	26.0	18.0	12.0	36.0	12.0	16.0	18.0	20.0	10.0	10.0	10.0	22.0	16.0	20.0	18.0	15.0	14.0	14.0
chr2_93564880	6.0	6.0	4.0	10.0	6.0	3.0	0.0	5.0	4.0	7.0	2.0	13.0	4.0	9.0	2.0	4.0	6.0	2.0
chr2_4734486	6.0	18.0	10.0	10.0	4.0	10.0	10.0	2.0	4.0	2.0	14.0	14.0	2.0	12.0	6.0	16.0	0.0	6.0
chr2_4737486	8.0	8.0	8.0	10.0	10.0	6.0	8.0	14.0	2.0	2.0	6.0	6.0	8.0	6.0	8.0	6.0	4.0	6.0
chr1_195924749	14.0	18.0	16.0	22.0	26.0	22.0	20.0	30.0	14.0	6.0	28.0	18.0	16.0	14.0	16.0	20.0	22.0	10.0
chr19_25612858	20.0	5.0	14.0	12.0	18.0	17.0	19.0	8.0	9.0	7.0	11.0	4.0	8.0	8.0	8.0	10.0	14.0	6.0
chr4_50526691	12.0	28.0	18.0	26.0	14.0	18.0	8.0	8.0	2.0	6.0	0.0	2.0	14.0	10.0	10.0	22.0	6.0	6.0
chr4_50531691	24.0	16.0	40.0	56.0	56.0	40.0	24.0	22.0	18.0	24.0	16.0	32.0	30.0	32.0	28.0	30.0	30.0	24.0
chr4_50578733	8.0	8.0	4.0	16.0	6.0	8.0	10.0	6.0	10.0	12.0	8.0	12.0	6.0	6.0	14.0	4.0	6.0	12.0
chr11_87340302	6.0	16.0	12.0	12.0	8.0	6.0	4.0	12.0	10.0	14.0	8.0	10.0	8.0	10.0	6.0	10.0	4.0	6.0
chr18_7400939	8.0	14.0	10.0	8.0	4.0	8.0	10.0	12.0	12.0	2.0	4.0	6.0	6.0	8.0	2.0	4.0	10.0	4.0
chr3_91661973	12.0	2.0	6.0	2.0	14.0	6.0	6.0	0.0	12.0	12.0	2.0	12.0	10.0	4.0	2.0	4.0	2.0	2.0
chr16_38100535	26.0	16.0	4.0	16.0	14.0	20.0	10.0	16.0	13.0	10.0	12.0	22.0	4.0	12.0	24.0	10.0	2.0	8.0
chr16_38182098	20.0	14.0	8.0	24.0	18.0	10.0	12.0	6.0	14.0	4.0	12.0	12.0	14.0	12.0	4.0	8.0	12.0	6.0
chr2_186952634	10.0	4.0	8.0	10.0	12.0	10.0	6.0	10.0	10.0	6.0	4.0	6.0	6.0	6.0	6.0	12.0	6.0	20.0
chr9_41601618	12.0	6.0	2.0	12.0	6.0	10.0	12.0	16.0	6.0	4.0	8.0	18.0	2.0	8.0	14.0	4.0	2.0	8.0
chr20_131084	8.0	26.0	56.0	24.0	38.0	24.0	18.0	20.0	34.0	14.0	20.0	22.0	34.0	8.0	10.0	12.0	24.0	18.0
chr8_21828565	2.0	8.0	2.0	4.0	10.0	8.0	6.0	0.0	6.0	8.0	2.0	8.0	14.0	8.0	0.0	2.0	2.0	8.0
chr8_21830565	0.0	10.0	6.0	8.0	4.0	10.0	2.0	6.0	4.0	8.0	8.0	4.0	4.0	4.0	2.0	4.0	4.0	8.0
chr3_126332509	38.0	20.0	20.0	32.0	34.0	24.0	20.0	22.0	16.0	18.0	18.0	24.0	16.0	26.0	18.0	20.0	20.0	8.0
chr1_148702973	8.0	6.0	8.0	12.0	8.0	10.0	8.0	12.0	4.0	10.0	12.0	4.0	4.0	12.0	8.0	12.0	6.0	6.0
chr1_148705973	10.0	8.0	6.0	10.0	18.0	8.0	12.0	14.0	8.0	14.0	8.0	8.0	10.0	8.0	8.0	8.0	6.0	16.0
chr1_148762015	12.0	6.0	4.0	4.0	6.0	10.0	16.0	6.0	8.0	10.0	8.0	12.0	8.0	14.0	10.0	18.0	16.0	24.0
chr9_102147701	22.0	28.0	24.0	14.0	12.0	14.0	24.0	8.0	12.0	18.0	10.0	22.0	12.0	18.0	12.0	26.0	24.0	16.0
chr9_102151701	4.0	0.0	4.0	4.0	8.0	6.0	4.0	4.0	4.0	2.0	4.0	8.0	6.0	6.0	14.0	0.0	0.0	0.0
chr1_148681973	44.0	38.0	24.0	64.0	44.0	48.0	44.0	34.0	60.0	32.0	38.0	50.0	52.0	48.0	24.0	38.0	52.0	38.0
chr1_148693973	4.0	2.0	8.0	8.0	14.0	12.0	10.0	6.0	14.0	8.0	6.0	2.0	4.0	6.0	18.0	8.0	4.0	6.0
chr7_123444888	42.0	28.0	16.0	20.0	30.0	26.0	28.0	28.0	16.0	24.0	16.0	30.0	38.0	26.0	40.0	26.0	14.0	18.0
chr1_104770633	12.0	12.0	14.0	20.0	6.0	10.0	24.0	12.0	4.0	4.0	8.0	16.0	16.0	16.0	22.0	6.0	10.0	6.0
chr1_104774633	2.0	0.0	12.0	12.0	4.0	0.0	0.0	2.0	0.0	0.0	4.0	4.0	6.0	4.0	0.0	2.0	4.0	4.0
chr16_33953990	14.0	12.0	12.0	10.0	12.0	8.0	24.0	14.0	12.0	16.0	6.0	2.0	18.0	18.0	20.0	14.0	12.0	20.0
chr7_96847795	22.0	26.0	22.0	36.0	18.0	36.0	14.0	14.0	18.0	24.0	14.0	16.0	18.0	32.0	18.0	22.0	16.0	14.0
chr12_11935778	30.0	16.0	14.0	22.0	12.0	16.0	8.0	12.0	4.0	10.0	8.0	16.0	12.0	8.0	8.0	8.0	6.0	26.0
chr5_49141162	4.0	16.0	8.0	7.0	4.0	6.0	0.0	10.0	2.0	1.0	2.0	1.0	2.0	4.0	2.0	11.0	1.0	5.0
chr18_13975290	18.0	20.0	22.0	32.0	26.0	22.0	20.0	26.0	12.0	12.0	24.0	26.0	22.0	16.0	32.0	16.0	18.0	20.0
chr8_83439925	4.0	4.0	8.0	2.0	4.0	4.0	6.0	6.0	4.0	0.0	6.0	6.0	6.0	6.0	4.0	8.0	4.0	6.0
chr8_83448925	10.0	20.0	6.0	14.0	12.0	18.0	20.0	8.0	10.0	16.0	10.0	18.0	6.0	10.0	6.0	10.0	12.0	6.0
chr15_54926925	16.0	8.0	20.0	20.0	32.0	12.0	16.0	14.0	10.0	8.0	8.0	16.0	14.0	12.0	20.0	12.0	6.0	6.0
chr8_58371966	14.0	10.0	12.0	18.0	10.0	16.0	8.0	8.0	10.0	14.0	6.0	22.0	10.0	14.0	20.0	20.0	8.0	16.0
chr4_18175877	14.0	4.0	2.0	12.0	18.0	8.0	14.0	2.0	4.0	8.0	6.0	4.0	8.0	16.0	4.0	14.0	8.0	6.0
chr3_91708015	6.0	0.0	10.0	14.0	14.0	2.0	4.0	10.0	2.0	2.0	2.0	12.0	8.0	4.0	10.0	0.0	6.0	2.0
chr3_91710015	14.0	10.0	8.0	10.0	14.0	16.0	14.0	8.0	14.0	6.0	12.0	12.0	8.0	10.0	6.0	12.0	8.0	6.0
chr3_137017884	20.0	18.0	12.0	4.0	16.0	16.0	12.0	10.0	8.0	12.0	18.0	10.0	10.0	8.0	10.0	6.0	4.0	22.0
chr12_97902072	12.0	12.0	6.0	12.0	4.0	8.0	0.0	2.0	2.0	2.0	4.0	6.0	8.0	4.0	6.0	4.0	4.0	12.0
chr12_97930593	20.0	20.0	16.0	12.0	22.0	14.0	10.0	12.0	4.0	8.0	8.0	10.0	8.0	8.0	4.0	12.0	6.0	12.0
chr2_44010903	6.0	4.0	4.0	8.0	10.0	10.0	2.0	2.0	8.0	6.0	8.0	10.0	6.0	6.0	4.0	6.0	6.0	8.0
chr2_69004299	8.0	6.0	20.0	4.0	2.0	6.0	6.0	10.0	4.0	4.0	8.0	12.0	2.0	10.0	4.0	14.0	8.0	14.0
chr7_58738739	2.0	18.0	8.0	12.0	10.0	8.0	6.0	6.0	8.0	2.0	4.0	4.0	6.0	4.0	8.0	4.0	6.0	10.0
chr16_46386146	4325.0	4382.0	4317.0	6216.0	6026.0	4744.0	3884.0	3521.0	2964.0	2857.0	2999.0	3535.0	4696.0	4260.0	4663.0	3271.0	3337.0	3585.0
chr16_46398146	1779.0	1805.0	1791.0	2324.0	2321.0	1913.0	1557.0	1421.0	1322.0	1332.0	1165.0	1574.0	1783.0	1522.0	1725.0	1397.0	1371.0	1478.0
chr3_187414491	8.0	8.0	2.0	8.0	6.0	6.0	10.0	6.0	8.0	8.0	4.0	10.0	10.0	10.0	6.0	4.0	8.0	8.0
chr9_105890952	2.0	6.0	6.0	2.0	8.0	0.0	8.0	4.0	4.0	2.0	2.0	2.0	4.0	0.0	4.0	8.0	8.0	4.0
chr3_144213176	6.0	14.0	12.0	2.0	12.0	12.0	8.0	10.0	6.0	2.0	6.0	4.0	10.0	10.0	4.0	18.0	2.0	2.0
chr4_20670204	6.0	2.0	8.0	0.0	8.0	12.0	4.0	6.0	2.0	6.0	4.0	4.0	8.0	8.0	12.0	0.0	4.0	10.0
chr16_38226140	12.0	14.0	6.0	6.0	12.0	12.0	8.0	0.0	12.0	6.0	8.0	12.0	4.0	10.0	4.0	4.0	10.0	2.0
chr16_38239140	10.0	2.0	6.0	12.0	6.0	10.0	4.0	14.0	10.0	10.0	8.0	10.0	12.0	14.0	14.0	10.0	2.0	12.0
chr16_38242140	8.0	12.0	18.0	16.0	4.0	6.0	6.0	14.0	4.0	12.0	4.0	6.0	8.0	6.0	4.0	8.0	6.0	6.0
chr19_27013387	25.0	18.0	16.0	42.0	10.0	16.0	15.0	20.0	13.0	18.0	16.0	10.0	29.0	16.0	15.0	12.0	14.0	18.0
chr19_27052908	8.0	12.0	13.0	8.0	10.0	12.0	4.0	6.0	10.0	2.0	9.0	4.0	6.0	8.0	12.0	4.0	6.0	2.0
chr19_27056908	14.0	10.0	12.0	14.0	26.0	29.0	14.0	16.0	19.0	14.0	6.0	12.0	7.0	20.0	20.0	12.0	14.0	12.0
chr18_70855164	0.0	2.0	6.0	6.0	4.0	0.0	0.0	8.0	0.0	4.0	2.0	0.0	6.0	2.0	2.0	2.0	2.0	6.0
chr2_136036649	6.0	0.0	0.0	12.0	6.0	6.0	4.0	6.0	4.0	4.0	4.0	10.0	2.0	2.0	6.0	12.0	14.0	6.0
chr15_28539000	6.0	2.0	10.0	2.0	0.0	4.0	2.0	0.0	6.0	2.0	4.0	6.0	2.0	2.0	2.0	2.0	2.0	0.0
chr2_210903274	0.0	2.0	8.0	6.0	2.0	4.0	2.0	8.0	6.0	4.0	4.0	2.0	6.0	0.0	0.0	4.0	2.0	6.0
chr14_16560180	4.0	12.0	10.0	4.0	6.0	4.0	0.0	4.0	4.0	8.0	0.0	6.0	14.0	2.0	2.0	4.0	4.0	6.0
chr16_34572452	999.0	1192.0	1062.0	1671.0	1535.0	1259.0	908.0	805.0	766.0	738.0	671.0	886.0	1239.0	1124.0	1139.0	837.0	885.0	992.0
chr16_34575452	585.0	583.0	584.0	766.0	735.0	631.0	437.0	443.0	347.0	383.0	375.0	450.0	619.0	498.0	578.0	391.0	414.0	474.0
chr16_34580452	6362.0	6359.0	6276.0	9240.0	8597.0	7218.0	5524.0	5126.0	4426.0	4390.0	4157.0	5288.0	6939.0	6023.0	6788.0	4870.0	5236.0	5598.0
chr16_34592452	2340.0	2437.0	2280.0	3299.0	3146.0	2561.0	2027.0	1768.0	1647.0	1807.0	1642.0	1945.0	2571.0	2295.0	2519.0	1775.0	1877.0	2084.0
chr1_144250697	48.0	60.0	40.0	28.0	28.0	30.0	26.0	32.0	22.0	20.0	42.0	34.0	54.0	24.0	24.0	16.0	40.0	26.0
chr12_11611047	2.0	0.0	8.0	4.0	6.0	8.0	2.0	4.0	2.0	2.0	6.0	4.0	6.0	2.0	4.0	6.0	2.0	6.0
chr18_5681679	4.0	12.0	4.0	10.0	8.0	6.0	16.0	4.0	6.0	18.0	0.0	6.0	6.0	10.0	6.0	6.0	4.0	10.0
chr18_5685679	18.0	10.0	18.0	16.0	14.0	10.0	12.0	4.0	4.0	6.0	12.0	10.0	14.0	8.0	8.0	12.0	10.0	10.0
chr2_96047207	6.0	8.0	4.0	6.0	4.0	8.0	8.0	6.0	10.0	4.0	4.0	0.0	2.0	4.0	2.0	14.0	2.0	6.0
chr15_44252071	38.0	36.0	32.0	40.0	16.0	28.0	36.0	18.0	28.0	30.0	22.0	26.0	38.0	34.0	18.0	22.0	26.0	12.0
chrX_70212181	6.0	6.0	8.0	4.0	0.0	4.0	2.0	4.0	2.0	0.0	6.0	8.0	2.0	0.0	2.0	4.0	6.0	0.0
chr11_37242905	6.0	12.0	8.0	8.0	10.0	8.0	0.0	10.0	2.0	4.0	6.0	10.0	6.0	6.0	8.0	4.0	4.0	8.0
chr7_159300785	12.0	22.0	18.0	14.0	14.0	18.0	20.0	24.0	20.0	16.0	20.0	32.0	16.0	38.0	20.0	24.0	10.0	24.0
chr20_11756652	10.0	12.0	6.0	14.0	18.0	12.0	10.0	10.0	2.0	6.0	10.0	6.0	4.0	20.0	14.0	4.0	8.0	2.0
chr3_124000787	6.0	8.0	6.0	4.0	4.0	2.0	2.0	4.0	4.0	0.0	4.0	2.0	4.0	6.0	2.0	4.0	4.0	6.0
chr1_158238508	24.0	20.0	24.0	26.0	20.0	20.0	16.0	6.0	14.0	12.0	14.0	22.0	26.0	12.0	14.0	10.0	14.0	8.0
chr5_67224997	2.0	4.0	4.0	0.0	6.0	2.0	0.0	6.0	6.0	6.0	12.0	0.0	2.0	0.0	10.0	4.0	2.0	6.0
chr5_70175660	10.0	6.0	6.0	18.0	16.0	24.0	2.0	6.0	16.0	14.0	8.0	10.0	14.0	18.0	12.0	12.0	10.0	18.0
chr18_25485253	4.0	4.0	6.0	6.0	10.0	2.0	4.0	2.0	0.0	0.0	0.0	6.0	12.0	4.0	8.0	10.0	6.0	4.0
chr2_92950939	14.0	13.0	11.0	10.0	2.0	20.0	8.0	15.0	4.0	8.0	8.0	6.0	11.0	10.0	6.0	2.0	6.0	6.0
chr15_84336597	12.0	14.0	8.0	6.0	10.0	4.0	6.0	8.0	4.0	8.0	6.0	6.0	2.0	14.0	16.0	12.0	2.0	4.0
chr15_84340597	2.0	2.0	6.0	2.0	2.0	4.0	4.0	2.0	0.0	2.0	4.0	2.0	2.0	0.0	4.0	0.0	6.0	4.0
chr15_84345597	10.0	8.0	8.0	12.0	6.0	12.0	8.0	0.0	16.0	10.0	6.0	16.0	8.0	4.0	10.0	2.0	6.0	6.0
chr15_84356597	4.0	4.0	4.0	2.0	2.0	0.0	2.0	2.0	0.0	2.0	0.0	2.0	4.0	2.0	6.0	2.0	2.0	6.0
chr18_16085844	10.0	8.0	12.0	16.0	8.0	10.0	4.0	3.0	4.0	12.0	8.0	9.0	6.0	10.0	14.0	12.0	4.0	4.0
chr18_16094844	4.0	4.0	2.0	0.0	4.0	0.0	4.0	2.0	2.0	2.0	2.0	0.0	4.0	6.0	4.0	4.0	2.0	4.0
chr5_161072087	12.0	12.0	12.0	6.0	12.0	18.0	12.0	20.0	6.0	10.0	16.0	4.0	6.0	8.0	8.0	10.0	4.0	24.0
chr21_28678605	40.0	16.0	16.0	20.0	30.0	16.0	20.0	14.0	10.0	22.0	16.0	24.0	14.0	16.0	10.0	17.0	16.0	12.0
chr1_223923371	20.0	20.0	16.0	6.0	4.0	18.0	8.0	10.0	10.0	8.0	10.0	18.0	16.0	8.0	12.0	8.0	14.0	12.0
chr1_223926371	30.0	28.0	26.0	38.0	26.0	26.0	30.0	12.0	14.0	20.0	26.0	32.0	46.0	28.0	24.0	32.0	10.0	28.0
chr1_223932371	10.0	10.0	14.0	14.0	12.0	8.0	10.0	8.0	2.0	8.0	4.0	2.0	10.0	10.0	12.0	10.0	2.0	14.0
chr2_200835361	4.0	4.0	2.0	2.0	4.0	2.0	4.0	8.0	8.0	4.0	2.0	4.0	0.0	8.0	10.0	2.0	0.0	4.0
chr18_10572770	12.0	8.0	2.0	6.0	4.0	8.0	8.0	6.0	14.0	4.0	8.0	10.0	8.0	0.0	12.0	16.0	4.0	12.0
chr19_27120950	9.0	5.0	2.0	8.0	6.0	4.0	7.0	6.0	8.0	2.0	6.0	2.0	6.0	8.0	8.0	7.0	4.0	6.0
chr19_27133471	16.0	14.0	20.0	12.0	10.0	6.0	9.0	12.0	6.0	6.0	2.0	10.0	7.0	8.0	5.0	4.0	5.0	5.0
chr7_37611678	30.0	24.0	40.0	40.0	30.0	28.0	30.0	28.0	32.0	32.0	20.0	40.0	16.0	22.0	32.0	46.0	20.0	36.0
chr3_163633977	8.0	14.0	16.0	4.0	14.0	16.0	14.0	16.0	4.0	24.0	18.0	22.0	6.0	14.0	10.0	12.0	16.0	12.0
chr19_26481488	27.0	28.0	18.0	24.0	24.0	22.0	9.0	14.0	10.0	14.0	8.0	18.0	8.0	14.0	14.0	8.0	18.0	14.0
chr1_242045206	6.0	6.0	14.0	4.0	10.0	16.0	6.0	6.0	10.0	12.0	4.0	8.0	6.0	2.0	4.0	16.0	10.0	14.0
chr7_58908865	14.0	18.0	10.0	20.0	16.0	10.0	8.0	22.0	12.0	12.0	2.0	14.0	10.0	14.0	18.0	8.0	10.0	12.0
chr7_16730306	28.0	10.0	10.0	8.0	16.0	12.0	10.0	6.0	4.0	4.0	10.0	12.0	6.0	16.0	4.0	10.0	12.0	6.0
chr8_96118770	4.0	4.0	10.0	10.0	4.0	4.0	2.0	4.0	2.0	8.0	4.0	8.0	4.0	6.0	6.0	0.0	1.0	0.0
chr7_97614862	20.0	20.0	16.0	18.0	22.0	12.0	32.0	22.0	24.0	18.0	18.0	10.0	12.0	18.0	24.0	22.0	12.0	16.0
chr6_102334348	4.0	0.0	6.0	0.0	8.0	4.0	2.0	4.0	6.0	4.0	0.0	8.0	0.0	2.0	6.0	6.0	0.0	6.0
chr22_48987557	22.0	18.0	18.0	18.0	26.0	14.0	22.0	10.0	18.0	20.0	14.0	8.0	16.0	8.0	16.0	14.0	4.0	14.0
chr7_59721453	2.0	14.0	4.0	4.0	16.0	12.0	6.0	4.0	6.0	2.0	4.0	8.0	8.0	6.0	5.0	8.0	4.0	8.0
chr1_123441888	2.0	6.0	2.0	4.0	4.0	8.0	6.0	4.0	2.0	4.0	4.0	0.0	1.0	2.0	2.0	9.0	0.0	2.0
chr1_123462888	6.0	16.0	8.0	6.0	3.0	18.0	4.0	4.0	7.0	1.0	6.0	8.0	8.0	14.0	4.0	4.0	0.0	10.0
chr2_185586147	28.0	20.0	24.0	22.0	32.0	30.0	14.0	22.0	30.0	20.0	10.0	18.0	26.0	18.0	20.0	18.0	22.0	24.0
chr4_125014543	12.0	10.0	20.0	16.0	10.0	12.0	4.0	6.0	6.0	6.0	6.0	8.0	6.0	10.0	10.0	2.0	12.0	14.0
chr5_49224725	12.0	0.0	0.0	2.0	4.0	10.0	3.0	4.0	6.0	6.0	6.0	0.0	4.0	2.0	8.0	6.0	2.0	2.0
chr7_60270873	10.0	6.0	6.0	2.0	12.0	16.0	8.0	2.0	6.0	2.0	2.0	6.0	2.0	8.0	0.0	0.0	4.0	6.0
chr4_49936750	20.0	16.0	22.0	16.0	10.0	12.0	20.0	8.0	6.0	8.0	10.0	14.0	12.0	6.0	12.0	14.0	2.0	8.0
chr4_49960271	2.0	8.0	4.0	6.0	2.0	4.0	8.0	2.0	0.0	4.0	2.0	6.0	0.0	0.0	12.0	4.0	4.0	2.0
chr1_145125848	0.0	4.0	2.0	10.0	2.0	4.0	4.0	4.0	2.0	0.0	0.0	4.0	0.0	2.0	2.0	0.0	0.0	10.0
chr7_49681061	12.0	10.0	2.0	8.0	10.0	4.0	14.0	4.0	4.0	8.0	2.0	10.0	6.0	16.0	8.0	12.0	4.0	2.0
chr7_49683582	8.0	6.0	8.0	8.0	12.0	8.0	6.0	6.0	8.0	10.0	2.0	0.0	10.0	8.0	14.0	4.0	2.0	12.0
chr12_119276822	0.0	2.0	4.0	4.0	6.0	6.0	4.0	4.0	0.0	4.0	2.0	0.0	4.0	2.0	12.0	4.0	2.0	4.0
chr19_26290841	2.0	2.0	3.0	14.0	7.0	4.0	2.0	3.0	0.0	2.0	4.0	1.0	4.0	4.0	8.0	3.0	4.0	0.0
chr8_122246006	14.0	20.0	18.0	16.0	22.0	10.0	8.0	16.0	20.0	14.0	12.0	16.0	18.0	14.0	16.0	18.0	16.0	14.0
chr14_42954626	16.0	12.0	16.0	14.0	14.0	18.0	12.0	14.0	14.0	18.0	10.0	14.0	14.0	14.0	10.0	4.0	6.0	18.0
chr14_42968626	14.0	16.0	14.0	12.0	16.0	18.0	12.0	10.0	10.0	14.0	6.0	16.0	8.0	6.0	8.0	10.0	8.0	22.0
chr3_93506838	6.0	0.0	2.0	4.0	2.0	4.0	2.0	6.0	8.0	2.0	4.0	2.0	6.0	6.0	6.0	2.0	2.0	2.0
chr3_93553880	6.0	4.0	10.0	10.0	4.0	2.0	6.0	2.0	0.0	4.0	0.0	4.0	8.0	4.0	0.0	4.0	2.0	10.0
chr3_93559880	18.0	28.0	12.0	24.0	20.0	16.0	14.0	18.0	26.0	10.0	14.0	14.0	12.0	4.0	22.0	12.0	18.0	10.0
chr3_93564880	22.0	12.0	16.0	18.0	20.0	16.0	6.0	8.0	6.0	8.0	8.0	2.0	14.0	12.0	14.0	8.0	12.0	6.0
chr3_93569880	6.0	6.0	4.0	6.0	14.0	4.0	6.0	6.0	4.0	6.0	6.0	2.0	6.0	10.0	4.0	6.0	6.0	2.0
chr3_93571880	18.0	10.0	14.0	22.0	20.0	8.0	18.0	20.0	20.0	16.0	6.0	6.0	10.0	20.0	20.0	18.0	10.0	12.0
chr1_91247679	6.0	6.0	0.0	2.0	10.0	4.0	8.0	8.0	6.0	4.0	2.0	2.0	4.0	2.0	0.0	2.0	2.0	2.0
chr1_164220397	10.0	8.0	8.0	6.0	10.0	6.0	16.0	10.0	8.0	4.0	6.0	6.0	12.0	2.0	6.0	6.0	4.0	16.0
chr5_108692010	8.0	0.0	4.0	4.0	10.0	2.0	8.0	2.0	4.0	6.0	2.0	2.0	0.0	2.0	4.0	0.0	0.0	4.0
chr18_4649923	4.0	2.0	6.0	0.0	4.0	0.0	10.0	4.0	8.0	8.0	4.0	8.0	4.0	2.0	4.0	6.0	2.0	0.0
chr11_115051193	6.0	10.0	4.0	2.0	10.0	4.0	4.0	2.0	2.0	2.0	0.0	4.0	0.0	0.0	0.0	2.0	4.0	2.0
chr15_19846095	2.0	8.0	12.0	10.0	4.0	8.0	6.0	8.0	6.0	12.0	4.0	0.0	2.0	2.0	2.0	8.0	0.0	0.0
chr18_59403722	10.0	22.0	30.0	26.0	12.0	25.0	12.0	18.0	12.0	22.0	10.0	14.0	18.0	26.0	12.0	16.0	20.0	10.0
chr5_112133051	6.0	4.0	16.0	14.0	10.0	10.0	6.0	8.0	6.0	10.0	8.0	10.0	10.0	2.0	6.0	14.0	10.0	8.0
chr18_16806869	8.0	2.0	2.0	0.0	2.0	0.0	4.0	2.0	4.0	4.0	0.0	4.0	0.0	4.0	4.0	0.0	2.0	2.0
chr3_80892556	2.0	14.0	6.0	2.0	2.0	4.0	8.0	0.0	6.0	4.0	2.0	2.0	4.0	8.0	12.0	4.0	6.0	0.0
chr4_156371122	4.0	10.0	4.0	4.0	4.0	6.0	8.0	2.0	6.0	2.0	8.0	4.0	10.0	16.0	8.0	14.0	14.0	4.0
chr2_128945441	4.0	4.0	6.0	8.0	12.0	12.0	4.0	8.0	4.0	6.0	6.0	8.0	4.0	0.0	8.0	4.0	4.0	6.0
chr2_128964441	12.0	14.0	18.0	14.0	8.0	14.0	12.0	24.0	10.0	18.0	16.0	14.0	4.0	8.0	6.0	14.0	10.0	8.0
chr1_144614470	4.0	2.0	20.0	6.0	4.0	12.0	6.0	6.0	8.0	6.0	4.0	6.0	8.0	2.0	2.0	2.0	6.0	8.0
chr15_47166213	22.0	14.0	4.0	12.0	10.0	10.0	6.0	10.0	10.0	10.0	6.0	20.0	8.0	14.0	6.0	6.0	14.0	16.0
chr15_47169213	12.0	8.0	16.0	14.0	10.0	16.0	4.0	16.0	10.0	10.0	8.0	10.0	4.0	16.0	22.0	8.0	12.0	12.0
chr12_13323307	24.0	18.0	32.0	20.0	16.0	26.0	18.0	14.0	18.0	26.0	20.0	34.0	18.0	28.0	12.0	34.0	50.0	46.0
chr12_13391349	34.0	36.0	28.0	36.0	24.0	32.0	32.0	34.0	26.0	40.0	24.0	28.0	16.0	30.0	22.0	38.0	26.0	24.0
chr5_70013534	14.0	8.0	2.0	28.0	10.0	20.0	20.0	14.0	8.0	4.0	18.0	24.0	12.0	28.0	18.0	20.0	10.0	18.0
chr10_59410243	4.0	0.0	8.0	2.0	8.0	2.0	4.0	2.0	2.0	2.0	6.0	8.0	6.0	4.0	4.0	4.0	4.0	0.0
chr10_59423243	22.0	10.0	8.0	10.0	22.0	22.0	18.0	6.0	2.0	8.0	7.0	14.0	14.0	14.0	12.0	14.0	14.0	10.0
chr1_218012003	8.0	10.0	4.0	8.0	14.0	12.0	12.0	2.0	4.0	8.0	8.0	0.0	14.0	8.0	10.0	8.0	4.0	8.0
chr6_48364095	16.0	8.0	14.0	22.0	10.0	10.0	2.0	6.0	2.0	8.0	8.0	8.0	16.0	10.0	6.0	6.0	18.0	8.0
chr11_100452962	6.0	2.0	0.0	8.0	16.0	0.0	2.0	4.0	0.0	10.0	2.0	4.0	4.0	2.0	2.0	4.0	4.0	0.0
chr18_75775776	4.0	0.0	0.0	8.0	4.0	2.0	2.0	4.0	0.0	2.0	0.0	2.0	4.0	2.0	4.0	0.0	2.0	0.0
chr12_53689522	8.0	5.0	4.0	2.0	4.0	2.0	6.0	2.0	4.0	2.0	4.0	6.0	2.0	2.0	2.0	4.0	6.0	8.0
chr2_98744702	6.0	8.0	4.0	6.0	2.0	6.0	8.0	6.0	0.0	2.0	2.0	2.0	2.0	6.0	4.0	10.0	0.0	2.0
chr1_163751061	4.0	6.0	2.0	2.0	4.0	4.0	12.0	4.0	2.0	0.0	2.0	2.0	0.0	6.0	4.0	2.0	8.0	0.0
chr2_183170862	12.0	6.0	10.0	4.0	8.0	4.0	10.0	8.0	2.0	2.0	4.0	4.0	8.0	8.0	8.0	2.0	0.0	4.0
chr6_82562774	18.0	18.0	22.0	30.0	16.0	10.0	24.0	12.0	12.0	10.0	22.0	18.0	20.0	30.0	22.0	20.0	14.0	20.0
chr3_112659950	10.0	4.0	6.0	6.0	6.0	18.0	4.0	2.0	10.0	4.0	2.0	4.0	10.0	8.0	4.0	2.0	14.0	16.0
chr5_109596682	10.0	6.0	6.0	4.0	6.0	4.0	4.0	6.0	2.0	2.0	6.0	6.0	6.0	8.0	2.0	0.0	6.0	2.0
chr17_52549682	6.0	10.0	4.0	6.0	8.0	4.0	4.0	8.0	6.0	6.0	2.0	4.0	2.0	0.0	4.0	4.0	2.0	4.0
chr7_12076383	8.0	10.0	6.0	6.0	8.0	4.0	4.0	2.0	0.0	2.0	2.0	4.0	12.0	10.0	8.0	6.0	2.0	2.0
chr7_12078383	6.0	12.0	4.0	18.0	4.0	8.0	18.0	8.0	12.0	12.0	4.0	18.0	12.0	8.0	6.0	10.0	2.0	2.0
chr7_12086383	12.0	4.0	2.0	2.0	4.0	2.0	4.0	2.0	0.0	4.0	4.0	2.0	4.0	6.0	4.0	8.0	0.0	2.0
chr3_133001423	14.0	10.0	4.0	8.0	18.0	12.0	16.0	14.0	8.0	6.0	4.0	8.0	6.0	4.0	6.0	14.0	10.0	8.0
chr2_175881486	6.0	2.0	4.0	4.0	4.0	6.0	6.0	2.0	4.0	4.0	2.0	4.0	8.0	6.0	2.0	6.0	4.0	2.0
chr5_132037709	18.0	4.0	20.0	6.0	10.0	12.0	8.0	14.0	20.0	8.0	8.0	12.0	6.0	10.0	0.0	10.0	18.0	4.0
chr16_35608208	22.0	16.0	26.0	30.0	22.0	18.0	12.0	20.0	12.0	18.0	24.0	20.0	14.0	28.0	12.0	26.0	4.0	12.0
chr12_104791154	0.0	8.0	8.0	4.0	4.0	6.0	6.0	10.0	0.0	4.0	8.0	2.0	6.0	4.0	0.0	2.0	2.0	8.0
chr10_10181997	2.0	6.0	2.0	2.0	4.0	4.0	2.0	0.0	0.0	10.0	2.0	0.0	12.0	6.0	6.0	4.0	2.0	4.0
chr3_5741721	8.0	6.0	4.0	6.0	4.0	6.0	8.0	2.0	2.0	6.0	4.0	4.0	4.0	6.0	2.0	4.0	6.0	2.0
chr2_176216738	4.0	4.0	2.0	4.0	12.0	6.0	4.0	6.0	0.0	8.0	8.0	2.0	4.0	8.0	0.0	4.0	6.0	6.0
chr2_195070119	24.0	24.0	28.0	18.0	14.0	16.0	16.0	14.0	10.0	10.0	8.0	14.0	22.0	14.0	24.0	20.0	8.0	20.0
chr3_170878311	20.0	22.0	22.0	34.0	28.0	20.0	10.0	14.0	16.0	10.0	18.0	38.0	4.0	22.0	12.0	22.0	12.0	24.0
chr16_29417151	12.0	20.0	6.0	12.0	12.0	14.0	0.0	4.0	8.0	8.0	12.0	12.0	4.0	8.0	18.0	6.0	10.0	6.0
chr15_87837159	4.0	4.0	8.0	4.0	8.0	8.0	6.0	4.0	2.0	0.0	4.0	4.0	2.0	8.0	4.0	2.0	8.0	2.0
chr7_115261361	16.0	8.0	14.0	14.0	14.0	12.0	8.0	8.0	6.0	10.0	12.0	12.0	12.0	4.0	6.0	10.0	8.0	12.0
chr14_26383925	2.0	8.0	4.0	0.0	12.0	6.0	10.0	2.0	4.0	4.0	0.0	2.0	0.0	4.0	2.0	4.0	2.0	4.0
chr12_67843938	8.0	2.0	6.0	8.0	0.0	0.0	8.0	8.0	6.0	6.0	4.0	2.0	6.0	2.0	2.0	2.0	6.0	8.0
chr1_144599949	6.0	6.0	0.0	4.0	10.0	6.0	0.0	8.0	2.0	0.0	2.0	2.0	0.0	4.0	2.0	4.0	4.0	0.0
chr20_26634093	6.0	4.0	4.0	10.0	14.0	2.0	2.0	6.0	10.0	0.0	2.0	9.0	4.0	6.0	4.0	6.0	8.0	10.0
chr12_48319574	30.0	18.0	16.0	22.0	24.0	20.0	12.0	22.0	20.0	24.0	18.0	36.0	16.0	18.0	32.0	12.0	12.0	30.0
chr7_34169158	22.0	28.0	18.0	30.0	26.0	16.0	20.0	16.0	20.0	16.0	28.0	24.0	8.0	14.0	24.0	18.0	18.0	22.0
chr5_121951275	12.0	10.0	6.0	16.0	10.0	18.0	10.0	12.0	18.0	2.0	4.0	10.0	2.0	18.0	2.0	8.0	0.0	10.0
chr12_61002898	6.0	4.0	12.0	2.0	6.0	2.0	4.0	6.0	2.0	2.0	4.0	4.0	2.0	8.0	0.0	2.0	4.0	2.0
chr1_123191199	8.0	6.0	12.0	8.0	14.0	28.0	10.0	10.0	11.0	12.0	16.0	14.0	18.0	10.0	6.0	12.0	16.0	12.0
chr5_130490575	6.0	8.0	10.0	10.0	6.0	14.0	16.0	4.0	6.0	8.0	14.0	10.0	2.0	8.0	6.0	4.0	4.0	4.0
chr5_48025843	6.0	6.0	4.0	4.0	8.0	4.0	2.0	14.0	4.0	7.0	2.0	12.0	8.0	4.0	4.0	10.0	2.0	7.0
chr5_48056364	18.0	16.0	14.0	13.0	14.0	22.0	8.0	6.0	8.0	10.0	4.0	4.0	14.0	2.0	16.0	10.0	8.0	13.0
chr5_48072885	6.0	4.0	10.0	5.0	3.0	8.0	3.0	5.0	2.0	6.0	2.0	0.0	6.0	4.0	4.0	3.0	2.0	10.0
chr14_16901432	4.0	4.0	6.0	4.0	2.0	12.0	6.0	0.0	2.0	4.0	4.0	2.0	6.0	2.0	6.0	0.0	8.0	2.0
chr14_16924953	8.0	6.0	6.0	4.0	6.0	6.0	8.0	2.0	4.0	2.0	6.0	2.0	4.0	6.0	4.0	2.0	6.0	4.0
chr14_16978995	4.0	2.0	0.0	2.0	0.0	6.0	0.0	0.0	4.0	2.0	0.0	0.0	6.0	4.0	0.0	2.0	2.0	2.0
chr8_114581857	4.0	6.0	2.0	6.0	4.0	8.0	2.0	10.0	4.0	4.0	2.0	0.0	4.0	6.0	6.0	10.0	2.0	2.0
chr14_36187628	14.0	12.0	14.0	34.0	26.0	12.0	8.0	12.0	16.0	10.0	10.0	14.0	18.0	10.0	16.0	10.0	6.0	10.0
chr19_257689	2.0	10.0	0.0	4.0	6.0	4.0	6.0	6.0	2.0	2.0	2.0	0.0	6.0	4.0	2.0	4.0	4.0	0.0
chrX_73384533	14.0	6.0	6.0	10.0	16.0	10.0	22.0	8.0	12.0	8.0	6.0	18.0	8.0	8.0	2.0	6.0	4.0	16.0
chr18_61074461	4.0	4.0	2.0	4.0	0.0	0.0	2.0	2.0	6.0	4.0	0.0	6.0	2.0	4.0	2.0	8.0	0.0	0.0
chr5_13416870	22.0	26.0	28.0	24.0	26.0	12.0	20.0	10.0	12.0	14.0	10.0	20.0	22.0	14.0	8.0	16.0	18.0	16.0
chr14_55988723	18.0	22.0	24.0	36.0	34.0	20.0	20.0	20.0	20.0	20.0	6.0	14.0	16.0	12.0	12.0	30.0	22.0	8.0
chr4_156048391	6.0	2.0	0.0	8.0	4.0	6.0	0.0	2.0	6.0	2.0	4.0	2.0	12.0	2.0	2.0	2.0	2.0	6.0
chr6_86807403	10.0	10.0	0.0	10.0	6.0	8.0	10.0	8.0	8.0	4.0	12.0	8.0	6.0	4.0	4.0	10.0	0.0	14.0
chr4_11380879	0.0	4.0	0.0	6.0	0.0	2.0	10.0	6.0	6.0	4.0	4.0	4.0	8.0	8.0	6.0	8.0	2.0	6.0
chr12_51565968	14.0	20.0	18.0	22.0	8.0	18.0	16.0	6.0	16.0	20.0	8.0	16.0	18.0	6.0	6.0	14.0	10.0	12.0
chr8_45348390	0.0	2.0	5.0	4.0	6.0	4.0	6.0	0.0	2.0	8.0	10.0	4.0	8.0	2.0	4.0	4.0	2.0	2.0
chr8_45355390	6.0	18.0	10.0	10.0	19.0	18.0	6.0	6.0	8.0	10.0	4.0	4.0	14.0	8.0	8.0	8.0	4.0	4.0
chr16_70208181	14.0	14.0	10.0	18.0	22.0	24.0	10.0	10.0	12.0	12.0	4.0	6.0	26.0	10.0	12.0	16.0	18.0	18.0
chr2_160756356	24.0	36.0	28.0	24.0	12.0	26.0	32.0	20.0	22.0	12.0	8.0	18.0	26.0	12.0	12.0	28.0	6.0	6.0
chr3_91911662	16.0	16.0	12.0	16.0	14.0	8.0	12.0	4.0	12.0	6.0	6.0	10.0	22.0	8.0	10.0	10.0	12.0	20.0
chr3_157688088	6.0	8.0	6.0	10.0	6.0	4.0	8.0	6.0	4.0	4.0	8.0	0.0	2.0	10.0	4.0	6.0	12.0	8.0
chr4_51492405	2.0	2.0	6.0	4.0	2.0	6.0	6.0	2.0	4.0	2.0	4.0	2.0	8.0	12.0	4.0	4.0	0.0	2.0
chr1_149336956	2.0	6.0	4.0	4.0	8.0	4.0	8.0	0.0	14.0	16.0	0.0	6.0	2.0	10.0	6.0	14.0	22.0	16.0
chr3_88872436	10.0	2.0	20.0	6.0	16.0	6.0	2.0	2.0	2.0	2.0	4.0	10.0	2.0	2.0	2.0	6.0	6.0	7.0
chr2_147769301	16.0	20.0	12.0	20.0	18.0	20.0	16.0	10.0	20.0	16.0	14.0	16.0	14.0	6.0	14.0	16.0	12.0	22.0
chr9_120210494	6.0	16.0	2.0	14.0	12.0	12.0	6.0	8.0	6.0	10.0	6.0	16.0	6.0	16.0	12.0	20.0	10.0	2.0
chr6_115253361	8.0	8.0	8.0	4.0	4.0	4.0	6.0	2.0	6.0	2.0	4.0	2.0	2.0	4.0	8.0	2.0	0.0	0.0
chr9_63411183	10.0	6.0	4.0	6.0	8.0	8.0	6.0	12.0	0.0	4.0	6.0	12.0	10.0	2.0	8.0	8.0	6.0	12.0
chr9_43164273	0.0	4.0	2.0	8.0	10.0	4.0	6.0	4.0	6.0	6.0	4.0	12.0	6.0	6.0	8.0	8.0	4.0	4.0
chr2_93888611	4.0	4.0	8.0	14.0	11.0	8.0	14.0	0.0	1.0	13.0	5.0	2.0	6.0	6.0	6.0	4.0	4.0	2.0
chr2_35802855	8.0	8.0	18.0	18.0	14.0	16.0	10.0	16.0	12.0	16.0	0.0	10.0	8.0	16.0	12.0	8.0	14.0	10.0
chr5_147959427	8.0	10.0	10.0	8.0	4.0	6.0	8.0	4.0	2.0	0.0	0.0	8.0	2.0	8.0	10.0	6.0	6.0	12.0
chr4_126930450	10.0	14.0	16.0	18.0	12.0	6.0	8.0	14.0	8.0	10.0	8.0	8.0	10.0	10.0	8.0	10.0	14.0	14.0
chr2_125127627	6.0	2.0	0.0	4.0	4.0	6.0	4.0	2.0	4.0	10.0	4.0	0.0	8.0	0.0	2.0	4.0	0.0	2.0
chr2_10542249	2.0	8.0	12.0	16.0	10.0	8.0	6.0	6.0	6.0	4.0	4.0	12.0	14.0	4.0	10.0	6.0	4.0	2.0
chr12_111822320	8.0	14.0	6.0	14.0	18.0	12.0	10.0	18.0	8.0	12.0	18.0	20.0	12.0	14.0	6.0	8.0	16.0	22.0
chr12_111832841	8.0	2.0	4.0	4.0	6.0	10.0	2.0	8.0	2.0	8.0	2.0	8.0	2.0	4.0	6.0	6.0	2.0	2.0
chr6_145769310	0.0	6.0	10.0	6.0	8.0	4.0	0.0	8.0	6.0	2.0	0.0	0.0	4.0	14.0	6.0	6.0	6.0	2.0
chr2_31515705	8.0	6.0	12.0	6.0	4.0	4.0	6.0	6.0	8.0	6.0	12.0	4.0	4.0	14.0	4.0	4.0	2.0	6.0
chr10_65101922	2.0	6.0	4.0	6.0	4.0	4.0	2.0	2.0	2.0	4.0	6.0	4.0	0.0	6.0	2.0	2.0	2.0	4.0
chr12_77174305	16.0	18.0	20.0	28.0	28.0	20.0	18.0	20.0	8.0	16.0	14.0	6.0	10.0	16.0	12.0	6.0	8.0	8.0
chr19_32323293	8.0	16.0	6.0	8.0	6.0	10.0	0.0	2.0	2.0	6.0	6.0	4.0	4.0	8.0	4.0	12.0	4.0	12.0
chr9_64453939	2.0	6.0	6.0	10.0	6.0	4.0	10.0	8.0	4.0	2.0	4.0	2.0	2.0	8.0	6.0	6.0	0.0	4.0
chr5_69683803	10.0	18.0	6.0	14.0	8.0	8.0	8.0	10.0	6.0	13.0	10.0	18.0	6.0	10.0	16.0	24.0	24.0	12.0
chr5_69693803	4.0	2.0	6.0	18.0	6.0	6.0	4.0	6.0	4.0	6.0	10.0	4.0	2.0	10.0	4.0	12.0	12.0	10.0
chr5_69695803	14.0	10.0	14.0	38.0	20.0	6.0	18.0	8.0	12.0	30.0	38.0	8.0	20.0	16.0	8.0	28.0	34.0	12.0
chr3_39676711	6.0	6.0	2.0	12.0	0.0	6.0	4.0	4.0	8.0	10.0	4.0	8.0	2.0	4.0	4.0	6.0	8.0	10.0
chrX_111638194	2.0	4.0	4.0	10.0	8.0	6.0	6.0	4.0	8.0	0.0	2.0	2.0	6.0	2.0	4.0	8.0	0.0	0.0
chr19_23890077	6.0	0.0	12.0	10.0	14.0	4.0	4.0	6.0	4.0	2.0	2.0	0.0	10.0	12.0	6.0	2.0	8.0	2.0
chr12_19730011	26.0	12.0	18.0	8.0	12.0	8.0	16.0	8.0	16.0	18.0	10.0	18.0	32.0	12.0	14.0	22.0	4.0	22.0
chrX_95600871	4.0	2.0	6.0	4.0	10.0	6.0	5.0	2.0	4.0	1.0	2.0	2.0	4.0	10.0	4.0	6.0	4.0	4.0
chr4_50276002	2.0	2.0	4.0	2.0	4.0	6.0	10.0	6.0	2.0	2.0	6.0	6.0	2.0	4.0	6.0	4.0	2.0	4.0
chr7_60448999	4.0	10.0	4.0	10.0	8.0	10.0	16.0	8.0	10.0	8.0	4.0	4.0	26.0	12.0	10.0	10.0	12.0	8.0
chr7_60498041	14.0	12.0	14.0	26.0	18.0	8.0	18.0	8.0	4.0	6.0	2.0	14.0	10.0	10.0	10.0	4.0	2.0	8.0
chr9_103739877	4.0	8.0	0.0	12.0	4.0	4.0	2.0	2.0	2.0	4.0	4.0	4.0	2.0	12.0	2.0	4.0	6.0	8.0
chr8_60994898	4.0	4.0	6.0	10.0	8.0	2.0	8.0	8.0	8.0	6.0	8.0	4.0	12.0	8.0	2.0	10.0	4.0	14.0
chr13_17189642	8.0	10.0	6.0	4.0	2.0	8.0	10.0	4.0	6.0	4.0	2.0	2.0	2.0	4.0	4.0	10.0	2.0	8.0
chr2_93991695	2.0	3.0	3.0	5.0	6.0	4.0	7.0	2.0	3.0	10.0	2.0	4.0	3.0	0.0	10.0	3.0	1.0	0.0
chr5_51331279	20.0	26.0	22.0	34.0	28.0	36.0	18.0	24.0	16.0	12.0	12.0	20.0	22.0	24.0	14.0	36.0	4.0	10.0
chr2_225873799	4.0	2.0	2.0	6.0	2.0	8.0	6.0	10.0	8.0	11.0	0.0	2.0	4.0	9.0	4.0	0.0	4.0	6.0
chr15_46105936	18.0	12.0	18.0	24.0	20.0	18.0	18.0	20.0	8.0	8.0	10.0	28.0	24.0	8.0	12.0	12.0	12.0	18.0
chr12_38621434	8.0	8.0	6.0	10.0	2.0	2.0	12.0	4.0	0.0	6.0	2.0	2.0	8.0	4.0	0.0	6.0	0.0	2.0
chr17_26676135	6.0	2.0	12.0	10.0	6.0	4.0	4.0	6.0	2.0	0.0	10.0	2.0	0.0	0.0	4.0	2.0	2.0	2.0
chr17_26692135	12.0	14.0	16.0	2.0	18.0	6.0	4.0	6.0	8.0	4.0	4.0	8.0	8.0	12.0	10.0	6.0	14.0	2.0
chr1_105820910	6.0	2.0	4.0	4.0	4.0	2.0	8.0	6.0	2.0	4.0	10.0	6.0	6.0	8.0	12.0	2.0	6.0	8.0
chr2_95444266	16.0	18.0	14.0	14.0	6.0	12.0	12.0	12.0	6.0	18.0	8.0	6.0	6.0	10.0	8.0	8.0	6.0	12.0
chr8_97296131	32.0	34.0	24.0	20.0	24.0	30.0	14.0	24.0	24.0	34.0	36.0	26.0	24.0	32.0	34.0	28.0	22.0	26.0
chr2_131808541	12.0	6.0	2.0	14.0	16.0	10.0	4.0	6.0	10.0	10.0	12.0	12.0	10.0	10.0	10.0	8.0	6.0	8.0
chr6_114724462	8.0	12.0	6.0	24.0	8.0	2.0	12.0	4.0	12.0	8.0	6.0	14.0	10.0	16.0	20.0	4.0	4.0	6.0
chr1_220995708	2.0	2.0	4.0	8.0	2.0	8.0	4.0	6.0	4.0	2.0	2.0	12.0	2.0	4.0	0.0	4.0	4.0	0.0
chr8_35175393	12.0	6.0	4.0	4.0	6.0	4.0	2.0	8.0	10.0	4.0	0.0	12.0	6.0	8.0	2.0	4.0	0.0	6.0
chr1_23267615	4.0	8.0	8.0	6.0	0.0	8.0	8.0	6.0	14.0	6.0	6.0	6.0	8.0	6.0	10.0	8.0	12.0	0.0
chr3_154911551	10.0	10.0	10.0	4.0	10.0	22.0	4.0	10.0	6.0	4.0	12.0	10.0	6.0	8.0	4.0	4.0	10.0	8.0
chr3_176020091	6.0	8.0	6.0	2.0	0.0	4.0	4.0	2.0	4.0	6.0	4.0	2.0	4.0	2.0	8.0	8.0	4.0	4.0
chr5_86512193	20.0	24.0	24.0	18.0	28.0	24.0	20.0	26.0	14.0	12.0	26.0	12.0	26.0	27.0	20.0	10.0	30.0	12.0
chr4_16945474	6.0	4.0	12.0	4.0	16.0	10.0	16.0	12.0	4.0	2.0	0.0	4.0	10.0	8.0	8.0	6.0	6.0	6.0
chr16_55602429	16.0	14.0	10.0	14.0	14.0	18.0	16.0	24.0	10.0	12.0	6.0	8.0	8.0	6.0	8.0	12.0	10.0	6.0
chr13_97667904	12.0	20.0	10.0	14.0	16.0	18.0	20.0	16.0	10.0	14.0	16.0	10.0	14.0	14.0	16.0	16.0	10.0	14.0
chr1_96437501	2.0	2.0	2.0	4.0	12.0	0.0	6.0	2.0	2.0	4.0	4.0	0.0	0.0	4.0	2.0	10.0	2.0	6.0
chr3_130315449	2.0	2.0	4.0	6.0	2.0	4.0	2.0	2.0	6.0	4.0	2.0	8.0	6.0	6.0	2.0	2.0	0.0	2.0
chr1_200187378	4.0	4.0	2.0	8.0	2.0	4.0	6.0	0.0	4.0	0.0	4.0	2.0	0.0	4.0	2.0	8.0	2.0	2.0
chr1_144107092	10.0	8.0	8.0	14.0	6.0	28.0	10.0	2.0	6.0	4.0	6.0	12.0	4.0	6.0	4.0	4.0	12.0	8.0
chr1_144115092	10.0	0.0	10.0	8.0	2.0	0.0	4.0	8.0	4.0	2.0	4.0	6.0	4.0	4.0	6.0	6.0	4.0	10.0
chr3_153997879	12.0	16.0	12.0	16.0	12.0	8.0	16.0	6.0	6.0	12.0	10.0	14.0	32.0	12.0	8.0	4.0	12.0	10.0
chr10_4862570	2.0	8.0	12.0	8.0	10.0	2.0	8.0	4.0	2.0	4.0	8.0	6.0	6.0	6.0	2.0	4.0	6.0	12.0
chr15_59534327	4.0	6.0	6.0	10.0	10.0	4.0	12.0	8.0	2.0	10.0	2.0	2.0	0.0	4.0	2.0	4.0	4.0	8.0
chr5_110056018	2.0	16.0	4.0	2.0	4.0	8.0	14.0	2.0	4.0	10.0	10.0	4.0	8.0	8.0	2.0	35.0	55.0	42.0
chr16_18624213	6.0	4.0	6.0	4.0	4.0	8.0	9.0	6.0	2.0	0.0	0.0	10.0	6.0	2.0	10.0	2.0	2.0	0.0
chr16_18626213	16.0	24.0	28.0	24.0	30.0	16.0	32.0	8.0	14.0	20.0	10.0	16.0	18.0	16.0	8.0	6.0	16.0	8.0
chr16_18632213	4.0	6.0	6.0	2.0	4.0	10.0	8.0	4.0	2.0	2.0	8.0	10.0	16.0	2.0	4.0	0.0	4.0	8.0
chr16_18635213	8.0	8.0	12.0	6.0	16.0	18.0	12.0	16.0	6.0	12.0	10.0	8.0	16.0	8.0	8.0	6.0	16.0	10.0
chr16_18647213	2.0	8.0	2.0	6.0	6.0	4.0	4.0	0.0	2.0	4.0	2.0	4.0	2.0	6.0	4.0	0.0	4.0	6.0
chr18_22533590	2.0	2.0	10.0	0.0	2.0	2.0	4.0	6.0	0.0	10.0	4.0	2.0	4.0	4.0	2.0	6.0	4.0	2.0
chr7_59676932	4.0	8.0	8.0	6.0	0.0	4.0	14.0	8.0	4.0	8.0	8.0	6.0	2.0	8.0	4.0	8.0	6.0	6.0
chr11_95437266	26.0	24.0	16.0	22.0	22.0	12.0	10.0	20.0	16.0	12.0	14.0	28.0	14.0	20.0	16.0	18.0	16.0	12.0
chr5_144515907	14.0	20.0	6.0	6.0	8.0	6.0	10.0	4.0	8.0	4.0	6.0	14.0	8.0	6.0	2.0	2.0	10.0	4.0
chr5_144589949	26.0	0.0	14.0	20.0	16.0	16.0	14.0	8.0	16.0	12.0	12.0	10.0	10.0	18.0	4.0	6.0	12.0	6.0
chr7_113430017	4.0	2.0	6.0	0.0	8.0	10.0	2.0	4.0	6.0	6.0	6.0	4.0	4.0	6.0	8.0	4.0	6.0	2.0
chr1_61576839	10.0	13.0	2.0	4.0	12.0	4.0	10.0	4.0	6.0	4.0	6.0	4.0	2.0	4.0	2.0	0.0	0.0	4.0
chr11_54787320	0.0	10.0	4.0	4.0	2.0	4.0	2.0	4.0	2.0	2.0	6.0	4.0	4.0	0.0	2.0	2.0	2.0	4.0
chr2_90260444	20.0	30.0	20.0	12.0	18.0	18.0	12.0	20.0	8.0	12.0	18.0	12.0	16.0	14.0	24.0	14.0	20.0	14.0
chr2_90265444	14.0	20.0	12.0	18.0	16.0	16.0	8.0	26.0	26.0	44.0	72.0	62.0	28.0	26.0	22.0	88.0	94.0	44.0
chr4_111395505	2.0	0.0	8.0	4.0	9.0	8.0	8.0	2.0	2.0	2.0	8.0	8.0	6.0	2.0	6.0	4.0	2.0	4.0
chr16_15241214	4.0	8.0	2.0	2.0	4.0	8.0	8.0	6.0	4.0	4.0	4.0	6.0	6.0	4.0	2.0	6.0	8.0	10.0
chr7_85250269	16.0	6.0	6.0	8.0	12.0	18.0	10.0	8.0	4.0	10.0	12.0	6.0	26.0	2.0	18.0	4.0	8.0	10.0
chr7_85253269	14.0	18.0	12.0	12.0	8.0	8.0	2.0	10.0	10.0	8.0	2.0	10.0	8.0	8.0	10.0	8.0	8.0	4.0
chr7_150178065	4.0	8.0	6.0	2.0	10.0	6.0	8.0	2.0	2.0	6.0	10.0	2.0	10.0	4.0	4.0	6.0	4.0	12.0
chr7_62332385	8.0	6.0	12.0	6.0	12.0	12.0	10.0	14.0	4.0	0.0	4.0	14.0	10.0	4.0	4.0	4.0	12.0	10.0
chr5_83902261	14.0	14.0	18.0	16.0	26.0	18.0	18.0	10.0	8.0	6.0	4.0	12.0	20.0	24.0	10.0	8.0	6.0	14.0
chr18_537378	2.0	8.0	6.0	2.0	10.0	0.0	6.0	4.0	2.0	6.0	2.0	10.0	2.0	2.0	2.0	6.0	0.0	8.0
chr3_187863306	18.0	18.0	22.0	18.0	24.0	12.0	18.0	22.0	16.0	18.0	4.0	24.0	4.0	10.0	14.0	14.0	4.0	12.0
chr4_125256711	8.0	2.0	8.0	6.0	6.0	0.0	2.0	4.0	6.0	6.0	0.0	4.0	8.0	8.0	6.0	6.0	0.0	4.0
chr2_105205448	22.0	6.0	14.0	14.0	6.0	14.0	6.0	14.0	4.0	10.0	14.0	16.0	10.0	2.0	2.0	2.0	12.0	14.0
chr13_60294394	4.0	2.0	0.0	2.0	4.0	8.0	8.0	2.0	6.0	2.0	4.0	6.0	6.0	4.0	14.0	6.0	6.0	4.0
chr4_82112959	14.0	10.0	10.0	12.0	16.0	17.0	4.0	16.0	2.0	4.0	0.0	14.0	18.0	14.0	14.0	14.0	4.0	8.0
chr6_98418450	14.0	12.0	14.0	12.0	16.0	6.0	16.0	8.0	14.0	4.0	6.0	10.0	6.0	12.0	16.0	10.0	8.0	10.0
chr7_60680167	6.0	14.0	6.0	8.0	0.0	11.0	4.0	4.0	0.0	6.0	0.0	2.0	4.0	2.0	2.0	6.0	2.0	6.0
chr11_131173079	10.0	12.0	6.0	10.0	6.0	0.0	20.0	14.0	10.0	6.0	8.0	6.0	4.0	8.0	4.0	4.0	10.0	10.0
chr5_62818242	2.0	0.0	10.0	10.0	4.0	6.0	2.0	10.0	4.0	4.0	6.0	8.0	2.0	0.0	2.0	0.0	2.0	6.0
chr2_76723490	4.0	4.0	6.0	4.0	6.0	12.0	12.0	16.0	6.0	12.0	14.0	10.0	8.0	4.0	14.0	10.0	10.0	2.0
chr6_102172222	4.0	4.0	4.0	8.0	4.0	6.0	4.0	6.0	2.0	0.0	4.0	4.0	4.0	0.0	2.0	6.0	2.0	0.0
chr3_83037631	16.0	6.0	10.0	6.0	14.0	6.0	8.0	20.0	8.0	16.0	2.0	14.0	8.0	6.0	12.0	10.0	4.0	18.0
chr7_59371201	12.0	8.0	8.0	16.0	6.0	10.0	16.0	4.0	6.0	8.0	10.0	10.0	10.0	6.0	16.0	4.0	10.0	14.0
chr18_17592936	2.0	6.0	2.0	10.0	2.0	0.0	4.0	0.0	4.0	0.0	2.0	6.0	4.0	0.0	2.0	2.0	2.0	0.0
chr5_133946616	2.0	16.0	14.0	12.0	8.0	22.0	12.0	10.0	12.0	8.0	4.0	11.0	6.0	4.0	12.0	6.0	10.0	4.0
chr15_78356187	6.0	0.0	6.0	8.0	8.0	2.0	2.0	8.0	0.0	0.0	0.0	0.0	2.0	4.0	6.0	0.0	10.0	8.0
chr19_6646393	2.0	4.0	8.0	2.0	2.0	2.0	4.0	10.0	6.0	4.0	2.0	4.0	8.0	0.0	2.0	0.0	6.0	4.0
chr11_100653609	4.0	2.0	4.0	8.0	6.0	8.0	4.0	4.0	6.0	2.0	2.0	2.0	2.0	6.0	0.0	0.0	0.0	8.0
chr21_11468442	8.0	4.0	4.0	6.0	2.0	4.0	4.0	4.0	2.0	10.0	2.0	8.0	6.0	8.0	2.0	6.0	2.0	2.0
chr2_100522004	8.0	2.0	4.0	2.0	2.0	6.0	6.0	6.0	2.0	4.0	2.0	4.0	4.0	0.0	0.0	4.0	0.0	0.0
chr6_107006271	0.0	8.0	2.0	8.0	8.0	4.0	2.0	4.0	6.0	8.0	6.0	6.0	6.0	4.0	2.0	6.0	2.0	6.0
chr3_117555041	4.0	6.0	4.0	8.0	10.0	2.0	2.0	6.0	4.0	6.0	8.0	8.0	2.0	4.0	12.0	6.0	2.0	0.0
chr17_70547433	10.0	12.0	10.0	10.0	4.0	2.0	10.0	8.0	0.0	8.0	8.0	8.0	20.0	4.0	6.0	8.0	18.0	14.0
chr2_154954593	18.0	12.0	12.0	16.0	14.0	18.0	14.0	12.0	6.0	12.0	2.0	12.0	14.0	10.0	18.0	18.0	10.0	2.0
chr12_45142222	0.0	8.0	4.0	4.0	8.0	6.0	4.0	6.0	4.0	2.0	4.0	4.0	6.0	4.0	2.0	6.0	4.0	6.0
chr3_155968828	14.0	4.0	6.0	6.0	8.0	8.0	2.0	2.0	0.0	4.0	4.0	0.0	0.0	4.0	2.0	2.0	4.0	4.0
chr1_248255784	2.0	6.0	8.0	14.0	8.0	16.0	8.0	8.0	12.0	8.0	4.0	10.0	6.0	10.0	8.0	4.0	10.0	10.0
chr2_35964981	2.0	6.0	10.0	0.0	8.0	8.0	6.0	6.0	6.0	6.0	4.0	6.0	2.0	0.0	2.0	14.0	4.0	2.0
chr5_106694540	4.0	16.0	10.0	8.0	8.0	8.0	8.0	4.0	6.0	4.0	8.0	10.0	8.0	8.0	6.0	4.0	8.0	2.0
chr1_223068741	8.0	20.0	14.0	22.0	18.0	22.0	14.0	6.0	16.0	10.0	10.0	14.0	8.0	6.0	18.0	10.0	12.0	8.0
chr2_93139065	3.0	8.0	6.0	8.0	12.0	11.0	2.0	12.0	10.0	6.0	7.0	8.0	8.0	6.0	8.0	4.0	2.0	7.0
chr3_92526124	8.0	16.0	8.0	2.0	8.0	18.0	6.0	12.0	6.0	10.0	3.0	2.0	6.0	2.0	10.0	2.0	7.0	8.0
chr3_92530124	6.0	2.0	6.0	2.0	8.0	8.0	4.0	4.0	4.0	2.0	0.0	6.0	4.0	8.0	4.0	2.0	6.0	2.0
chr1_143328025	6.0	6.0	6.0	16.0	12.0	4.0	6.0	16.0	10.0	12.0	2.0	2.0	6.0	4.0	4.0	6.0	4.0	10.0
chr10_130651180	2.0	2.0	4.0	4.0	0.0	4.0	6.0	2.0	2.0	4.0	8.0	2.0	0.0	4.0	6.0	4.0	4.0	4.0
chr1_158316550	4.0	12.0	28.0	10.0	10.0	12.0	12.0	6.0	2.0	18.0	6.0	10.0	12.0	6.0	16.0	6.0	0.0	18.0
chr12_35122351	10.0	3.0	2.0	6.0	0.0	8.0	6.0	4.0	0.0	3.0	2.0	2.0	8.0	2.0	6.0	2.0	6.0	8.0
chr12_35158872	10.0	14.0	4.0	4.0	8.0	10.0	2.0	6.0	4.0	1.0	10.0	8.0	6.0	0.0	6.0	6.0	0.0	2.0
chr12_35163872	4.0	4.0	10.0	4.0	6.0	4.0	4.0	4.0	2.0	8.0	4.0	4.0	2.0	10.0	5.0	4.0	4.0	4.0
chr3_92436561	12.0	20.0	10.0	22.0	16.0	24.0	18.0	12.0	6.0	10.0	14.0	8.0	16.0	6.0	12.0	14.0	8.0	14.0
chr5_130263407	26.0	14.0	14.0	24.0	30.0	12.0	6.0	16.0	14.0	8.0	8.0	8.0	12.0	18.0	6.0	16.0	14.0	20.0
chr7_25985631	6.0	8.0	6.0	10.0	6.0	6.0	4.0	0.0	12.0	10.0	8.0	4.0	8.0	8.0	6.0	2.0	6.0	0.0
chr5_48760389	7.0	5.0	10.0	8.0	4.0	5.0	6.0	2.0	2.0	4.0	0.0	2.0	4.0	2.0	8.0	8.0	4.0	2.0
chr22_34677015	2.0	12.0	18.0	8.0	20.0	20.0	12.0	12.0	4.0	6.0	10.0	14.0	12.0	16.0	19.0	14.0	6.0	10.0
chr13_111496589	2.0	6.0	2.0	14.0	2.0	2.0	4.0	2.0	4.0	2.0	0.0	6.0	4.0	0.0	2.0	0.0	6.0	4.0
chr16_46401146	798.0	720.0	786.0	1248.0	1035.0	892.0	700.0	588.0	537.0	544.0	540.0	583.0	952.0	762.0	910.0	605.0	650.0	700.0
chr1_95292661	10.0	10.0	6.0	8.0	12.0	22.0	8.0	10.0	8.0	12.0	2.0	6.0	8.0	10.0	10.0	8.0	10.0	14.0
chr22_28874252	2.0	6.0	2.0	0.0	4.0	6.0	2.0	6.0	6.0	2.0	6.0	8.0	8.0	4.0	4.0	6.0	2.0	4.0
chr1_237020510	10.0	14.0	2.0	8.0	14.0	4.0	12.0	4.0	12.0	12.0	6.0	4.0	10.0	10.0	10.0	12.0	4.0	8.0
chr1_237023510	4.0	6.0	8.0	2.0	6.0	6.0	0.0	6.0	4.0	4.0	0.0	2.0	4.0	6.0	4.0	4.0	2.0	0.0
chr12_130922390	1.0	10.0	8.0	2.0	10.0	8.0	1.0	8.0	0.0	0.0	4.0	6.0	8.0	2.0	4.0	4.0	2.0	4.0
chr13_79819758	20.0	14.0	10.0	10.0	8.0	16.0	6.0	4.0	12.0	12.0	4.0	18.0	6.0	14.0	8.0	12.0	12.0	6.0
chr1_246716650	6.0	16.0	4.0	10.0	10.0	8.0	2.0	14.0	18.0	8.0	8.0	4.0	8.0	12.0	14.0	6.0	8.0	6.0
chr14_81544539	12.0	6.0	22.0	10.0	8.0	6.0	6.0	2.0	8.0	8.0	4.0	4.0	14.0	10.0	4.0	0.0	8.0	2.0
chr6_141618765	20.0	12.0	34.0	20.0	8.0	28.0	16.0	18.0	4.0	10.0	8.0	28.0	22.0	18.0	8.0	12.0	16.0	16.0
chr15_22639153	8.0	4.0	10.0	2.0	6.0	0.0	4.0	4.0	2.0	0.0	4.0	4.0	4.0	4.0	4.0	8.0	2.0	2.0
chr21_12262509	2.0	6.0	6.0	10.0	2.0	0.0	6.0	10.0	0.0	4.0	4.0	4.0	6.0	8.0	6.0	0.0	2.0	0.0
chr2_57418773	34.0	20.0	24.0	30.0	46.0	40.0	28.0	20.0	10.0	22.0	20.0	18.0	22.0	30.0	28.0	36.0	10.0	24.0
chr10_33488654	6.0	6.0	8.0	10.0	18.0	6.0	6.0	6.0	10.0	6.0	8.0	14.0	6.0	4.0	8.0	10.0	2.0	14.0
chr7_156911021	10.0	10.0	14.0	8.0	2.0	6.0	2.0	6.0	12.0	4.0	4.0	10.0	6.0	0.0	4.0	10.0	4.0	4.0
chr15_73037760	12.0	4.0	8.0	4.0	2.0	6.0	6.0	2.0	4.0	0.0	8.0	2.0	6.0	6.0	6.0	4.0	6.0	2.0
chr14_45350390	8.0	4.0	2.0	4.0	4.0	4.0	2.0	6.0	2.0	8.0	6.0	8.0	8.0	10.0	4.0	0.0	6.0	4.0
chr9_95534829	26.0	34.0	18.0	10.0	26.0	10.0	20.0	20.0	32.0	22.0	24.0	10.0	34.0	18.0	34.0	24.0	30.0	34.0
chr9_95539829	8.0	8.0	4.0	10.0	10.0	2.0	4.0	0.0	8.0	4.0	6.0	8.0	6.0	4.0	10.0	12.0	6.0	6.0
chr3_152007409	10.0	16.0	24.0	6.0	6.0	0.0	4.0	8.0	8.0	6.0	4.0	8.0	4.0	12.0	10.0	2.0	8.0	6.0
chr3_92610687	22.0	22.0	14.0	20.0	28.0	24.0	32.0	8.0	10.0	14.0	16.0	28.0	14.0	14.0	26.0	14.0	18.0	14.0
chr3_92614687	10.0	4.0	4.0	6.0	6.0	12.0	4.0	4.0	6.0	0.0	4.0	8.0	6.0	6.0	8.0	8.0	2.0	6.0
chr3_92616687	36.0	48.0	40.0	64.0	42.0	26.0	46.0	36.0	32.0	20.0	18.0	29.0	20.0	32.0	30.0	28.0	22.0	22.0
chr3_92625687	6.0	8.0	10.0	2.0	4.0	6.0	6.0	10.0	4.0	0.0	10.0	6.0	4.0	4.0	2.0	6.0	0.0	2.0
chr3_92658208	18.0	6.0	10.0	26.0	12.0	8.0	14.0	10.0	16.0	8.0	12.0	22.0	6.0	8.0	12.0	4.0	2.0	0.0
chr3_92661208	2.0	4.0	10.0	6.0	8.0	4.0	6.0	4.0	6.0	8.0	0.0	10.0	22.0	0.0	8.0	8.0	6.0	6.0
chr3_92693250	8.0	6.0	0.0	8.0	2.0	4.0	2.0	8.0	0.0	6.0	2.0	5.0	8.0	2.0	2.0	8.0	8.0	0.0
chr3_158635802	18.0	26.0	26.0	32.0	18.0	26.0	10.0	22.0	18.0	12.0	22.0	16.0	20.0	16.0	12.0	12.0	24.0	14.0
chr2_209167493	2.0	4.0	14.0	2.0	6.0	6.0	6.0	8.0	2.0	6.0	6.0	2.0	2.0	8.0	4.0	6.0	2.0	6.0
chr10_119985326	8.0	2.0	10.0	2.0	8.0	2.0	0.0	4.0	2.0	2.0	4.0	6.0	6.0	6.0	0.0	2.0	8.0	4.0
chr6_127928685	18.0	10.0	10.0	18.0	16.0	28.0	14.0	10.0	12.0	0.0	12.0	8.0	12.0	6.0	6.0	20.0	10.0	32.0
chr4_24503539	8.0	10.0	8.0	2.0	2.0	0.0	10.0	0.0	4.0	4.0	6.0	6.0	4.0	2.0	6.0	2.0	0.0	6.0
chr9_114703941	8.0	10.0	10.0	12.0	6.0	12.0	12.0	2.0	0.0	4.0	4.0	4.0	4.0	8.0	6.0	2.0	4.0	6.0
chrX_17319247	2.0	2.0	4.0	8.0	6.0	8.0	2.0	2.0	8.0	2.0	0.0	0.0	2.0	0.0	2.0	4.0	2.0	10.0
chr2_7106729	4.0	10.0	8.0	8.0	2.0	8.0	4.0	6.0	10.0	8.0	6.0	8.0	0.0	2.0	0.0	0.0	6.0	4.0
chr22_13406870	3.0	2.0	9.0	0.0	8.0	8.0	6.0	0.0	2.0	4.0	0.0	0.0	8.0	2.0	2.0	0.0	2.0	2.0
chr22_13487912	2.0	0.0	6.0	4.0	6.0	0.0	0.0	0.0	0.0	0.0	4.0	8.0	6.0	0.0	0.0	0.0	0.0	0.0
chr6_90969469	10.0	8.0	4.0	6.0	4.0	4.0	4.0	6.0	4.0	2.0	6.0	6.0	4.0	6.0	2.0	2.0	8.0	10.0
chr4_43287357	18.0	10.0	8.0	10.0	6.0	10.0	11.0	10.0	8.0	6.0	10.0	6.0	8.0	8.0	4.0	8.0	10.0	8.0
chr9_61807007	26.0	22.0	26.0	24.0	28.0	20.0	16.0	30.0	10.0	10.0	16.0	22.0	28.0	20.0	12.0	20.0	16.0	12.0
chr9_61828007	10.0	8.0	16.0	8.0	16.0	16.0	16.0	4.0	16.0	6.0	8.0	18.0	8.0	6.0	8.0	8.0	6.0	8.0
chr5_109622203	20.0	30.0	12.0	24.0	38.0	20.0	30.0	16.0	10.0	18.0	32.0	16.0	14.0	24.0	24.0	28.0	16.0	12.0
chr11_61084461	4.0	6.0	0.0	10.0	4.0	4.0	6.0	2.0	0.0	4.0	12.0	2.0	6.0	6.0	6.0	4.0	6.0	6.0
chr2_42992147	28.0	10.0	16.0	14.0	20.0	12.0	16.0	10.0	8.0	10.0	22.0	12.0	16.0	22.0	24.0	12.0	20.0	14.0
chr12_97809509	8.0	4.0	4.0	4.0	8.0	2.0	2.0	6.0	2.0	12.0	0.0	4.0	2.0	4.0	2.0	2.0	2.0	0.0
chr15_30244260	10.0	2.0	2.0	12.0	10.0	14.0	6.0	2.0	6.0	4.0	4.0	4.0	4.0	2.0	2.0	8.0	4.0	4.0
chr5_174015621	6.0	4.0	0.0	2.0	4.0	4.0	0.0	0.0	6.0	0.0	8.0	0.0	2.0	4.0	4.0	6.0	4.0	0.0
chr4_44975096	2.0	2.0	6.0	2.0	8.0	6.0	0.0	8.0	0.0	2.0	6.0	0.0	12.0	4.0	14.0	4.0	4.0	0.0
chr11_48392616	6.0	16.0	10.0	14.0	10.0	4.0	4.0	10.0	6.0	10.0	6.0	2.0	6.0	4.0	10.0	8.0	8.0	6.0
chr12_52499640	0.0	0.0	8.0	2.0	4.0	10.0	0.0	2.0	10.0	4.0	4.0	6.0	8.0	2.0	2.0	0.0	4.0	4.0
chr5_48325574	4.0	6.0	6.0	4.0	6.0	12.0	8.0	2.0	6.0	2.0	2.0	2.0	2.0	6.0	8.0	10.0	0.0	4.0
chr5_32826150	2.0	10.0	4.0	8.0	12.0	4.0	0.0	4.0	2.0	4.0	12.0	2.0	8.0	8.0	8.0	4.0	6.0	2.0
chr5_48225490	16.0	17.0	12.0	4.0	10.0	14.0	8.0	4.0	10.0	4.0	2.0	13.0	12.0	12.0	10.0	6.0	6.0	4.0
chr1_147089797	10.0	16.0	12.0	16.0	4.0	22.0	10.0	6.0	8.0	6.0	4.0	10.0	8.0	6.0	10.0	8.0	8.0	12.0
chr9_80609346	18.0	16.0	20.0	22.0	34.0	10.0	30.0	18.0	16.0	12.0	18.0	20.0	16.0	14.0	14.0	12.0	20.0	16.0
chr16_36610443	6.0	6.0	4.0	4.0	10.0	4.0	6.0	2.0	0.0	4.0	2.0	0.0	4.0	8.0	8.0	2.0	0.0	6.0
chr16_36651485	6.0	8.0	4.0	2.0	4.0	12.0	14.0	6.0	4.0	8.0	0.0	2.0	4.0	6.0	4.0	4.0	2.0	0.0
chr16_37752283	12.0	10.0	8.0	18.0	4.0	9.0	10.0	4.0	6.0	6.0	2.0	12.0	6.0	6.0	6.0	8.0	0.0	4.0
chr19_46446188	6.0	0.0	8.0	10.0	4.0	8.0	4.0	2.0	8.0	4.0	2.0	6.0	6.0	4.0	6.0	2.0	0.0	2.0
chr8_45177264	10.0	16.0	12.0	12.0	12.0	8.0	10.0	6.0	12.0	4.0	4.0	8.0	16.0	10.0	4.0	10.0	4.0	4.0
chr7_29580277	30.0	34.0	38.0	58.0	40.0	32.0	32.0	50.0	42.0	22.0	18.0	38.0	46.0	32.0	30.0	30.0	30.0	22.0
chr12_29913008	12.0	10.0	10.0	8.0	10.0	10.0	4.0	4.0	6.0	4.0	10.0	12.0	10.0	6.0	8.0	4.0	4.0	12.0
chr14_17068558	6.0	2.0	8.0	6.0	6.0	2.0	6.0	2.0	0.0	2.0	0.0	4.0	2.0	2.0	0.0	0.0	4.0	6.0
chr7_4582360	54.0	36.0	40.0	54.0	40.0	38.0	36.0	42.0	20.0	40.0	36.0	44.0	58.0	16.0	42.0	40.0	32.0	44.0
chr7_4591881	6.0	4.0	6.0	6.0	6.0	4.0	10.0	6.0	2.0	2.0	2.0	4.0	8.0	10.0	8.0	10.0	0.0	0.0
chr16_37626199	6.0	12.0	10.0	14.0	14.0	6.0	10.0	0.0	6.0	8.0	4.0	12.0	18.0	8.0	12.0	8.0	2.0	0.0
chr16_37639199	38.0	46.0	32.0	46.0	32.0	40.0	22.0	22.0	34.0	14.0	26.0	22.0	45.0	32.0	30.0	22.0	30.0	16.0
chr2_221985943	20.0	14.0	20.0	18.0	14.0	8.0	6.0	14.0	8.0	18.0	10.0	14.0	20.0	20.0	12.0	20.0	20.0	12.0
chr1_123283762	4.0	7.0	2.0	6.0	2.0	8.0	6.0	8.0	5.0	2.0	2.0	5.0	8.0	2.0	4.0	9.0	4.0	6.0
chr1_115790739	8.0	4.0	8.0	4.0	6.0	0.0	8.0	2.0	4.0	8.0	8.0	10.0	9.0	0.0	6.0	6.0	8.0	6.0
chr10_83238278	8.0	2.0	2.0	6.0	10.0	10.0	8.0	6.0	6.0	6.0	5.0	12.0	6.0	12.0	4.0	8.0	8.0	6.0
chr11_42429727	26.0	14.0	18.0	16.0	24.0	18.0	18.0	12.0	10.0	14.0	10.0	20.0	4.0	21.0	10.0	6.0	14.0	8.0
chr12_75518087	4.0	12.0	2.0	16.0	18.0	18.0	18.0	10.0	24.0	12.0	14.0	10.0	22.0	14.0	24.0	6.0	14.0	8.0
chr2_193648069	26.0	18.0	6.0	16.0	16.0	28.0	18.0	20.0	14.0	6.0	28.0	22.0	12.0	12.0	14.0	10.0	24.0	32.0
chr2_97311131	6.0	2.0	2.0	4.0	6.0	0.0	10.0	6.0	2.0	4.0	2.0	4.0	4.0	8.0	6.0	4.0	2.0	4.0
chr11_39605148	0.0	8.0	8.0	2.0	2.0	10.0	4.0	4.0	0.0	6.0	0.0	6.0	6.0	2.0	4.0	4.0	0.0	8.0
chr16_10605291	4.0	6.0	4.0	2.0	2.0	0.0	2.0	2.0	4.0	4.0	4.0	6.0	2.0	0.0	0.0	2.0	6.0	2.0
chr12_90537654	10.0	22.0	8.0	18.0	20.0	28.0	28.0	20.0	14.0	12.0	10.0	26.0	20.0	10.0	22.0	8.0	14.0	22.0
chr9_40336694	26.0	14.0	24.0	30.0	18.0	24.0	28.0	22.0	14.0	16.0	16.0	20.0	20.0	10.0	22.0	20.0	18.0	28.0
chr13_16351533	4.0	2.0	8.0	14.0	6.0	13.0	6.0	2.0	2.0	10.0	2.0	0.0	4.0	2.0	12.0	4.0	0.0	2.0
chr8_65124443	2.0	6.0	4.0	6.0	0.0	2.0	6.0	6.0	2.0	6.0	4.0	6.0	2.0	2.0	2.0	4.0	2.0	4.0
chr9_32225209	14.0	16.0	16.0	16.0	4.0	18.0	14.0	10.0	14.0	18.0	14.0	18.0	18.0	4.0	18.0	20.0	6.0	18.0
chr4_124406081	12.0	8.0	8.0	6.0	10.0	10.0	4.0	14.0	4.0	10.0	6.0	6.0	16.0	10.0	12.0	10.0	8.0	6.0
chr9_108318237	10.0	6.0	8.0	8.0	8.0	8.0	2.0	8.0	2.0	2.0	4.0	4.0	10.0	6.0	2.0	6.0	2.0	8.0
chr2_221392002	8.0	10.0	2.0	10.0	8.0	2.0	4.0	4.0	4.0	14.0	6.0	6.0	8.0	0.0	6.0	4.0	10.0	8.0
chr7_91216158	18.0	28.0	24.0	28.0	26.0	22.0	26.0	34.0	18.0	32.0	18.0	14.0	16.0	22.0	16.0	20.0	14.0	20.0
chr3_153134249	6.0	8.0	6.0	10.0	4.0	2.0	4.0	2.0	2.0	8.0	8.0	2.0	10.0	8.0	16.0	18.0	2.0	4.0
chr5_122275527	10.0	12.0	6.0	4.0	4.0	8.0	8.0	6.0	4.0	10.0	4.0	14.0	0.0	4.0	6.0	4.0	0.0	6.0
chr7_91904662	12.0	10.0	8.0	18.0	8.0	14.0	16.0	12.0	10.0	8.0	12.0	8.0	8.0	10.0	10.0	8.0	12.0	12.0
chr22_12895492	6.0	4.0	6.0	2.0	2.0	3.0	4.0	2.0	2.0	2.0	2.0	2.0	6.0	2.0	4.0	2.0	4.0	0.0
chr8_77275389	8.0	2.0	14.0	8.0	10.0	14.0	6.0	10.0	4.0	14.0	2.0	8.0	6.0	4.0	4.0	6.0	4.0	4.0
chr20_28408916	26.0	6.0	16.0	20.0	20.0	18.0	12.0	10.0	8.0	10.0	12.0	10.0	21.0	12.0	16.0	10.0	16.0	8.0
chr12_43228315	24.0	32.0	38.0	46.0	26.0	34.0	48.0	32.0	28.0	36.0	26.0	36.0	26.0	36.0	28.0	16.0	22.0	24.0
chr12_43279357	2.0	8.0	10.0	4.0	6.0	4.0	0.0	2.0	4.0	0.0	2.0	12.0	4.0	8.0	6.0	6.0	2.0	2.0
chr7_31281016	8.0	6.0	4.0	12.0	14.0	12.0	2.0	10.0	4.0	4.0	2.0	6.0	8.0	2.0	6.0	4.0	8.0	4.0
chr10_105778868	8.0	6.0	10.0	18.0	16.0	8.0	4.0	6.0	10.0	10.0	8.0	10.0	14.0	8.0	10.0	6.0	2.0	10.0
chr10_42128517	16.0	14.0	10.0	4.0	10.0	4.0	12.0	12.0	8.0	6.0	6.0	6.0	12.0	12.0	4.0	4.0	8.0	6.0
chr14_85886731	24.0	22.0	14.0	28.0	22.0	14.0	30.0	14.0	18.0	14.0	18.0	28.0	6.0	24.0	26.0	18.0	14.0	24.0
chr10_80725430	6.0	4.0	8.0	14.0	8.0	6.0	14.0	4.0	6.0	8.0	4.0	4.0	6.0	0.0	4.0	4.0	0.0	2.0
chr2_28671605	4.0	6.0	2.0	8.0	16.0	8.0	8.0	4.0	2.0	6.0	6.0	12.0	8.0	12.0	8.0	2.0	4.0	8.0
chr10_87472386	6.0	0.0	4.0	2.0	4.0	6.0	4.0	4.0	2.0	0.0	2.0	4.0	0.0	0.0	6.0	0.0	2.0	0.0
chr16_37348989	4.0	4.0	2.0	8.0	10.0	2.0	2.0	0.0	6.0	6.0	6.0	2.0	6.0	6.0	6.0	2.0	0.0	4.0
chr16_37357989	10.0	14.0	16.0	24.0	24.0	18.0	24.0	14.0	6.0	12.0	8.0	14.0	12.0	6.0	8.0	6.0	6.0	16.0
chr12_38339224	12.0	8.0	4.0	8.0	20.0	18.0	20.0	12.0	14.0	10.0	18.0	16.0	22.0	12.0	6.0	10.0	10.0	16.0
chr5_145419058	4.0	0.0	8.0	2.0	2.0	6.0	2.0	2.0	2.0	5.0	6.0	4.0	4.0	4.0	0.0	4.0	4.0	2.0
chr2_9831224	12.0	22.0	6.0	14.0	8.0	10.0	16.0	10.0	18.0	14.0	6.0	10.0	16.0	14.0	12.0	18.0	14.0	8.0
chr12_74875625	4.0	2.0	6.0	6.0	16.0	6.0	10.0	2.0	6.0	6.0	2.0	6.0	2.0	4.0	4.0	2.0	2.0	4.0
chr5_48632305	16.0	12.0	16.0	14.0	18.0	12.0	15.0	13.0	12.0	11.0	14.0	16.0	20.0	23.0	22.0	10.0	15.0	16.0
chr5_48691347	5.0	9.0	6.0	6.0	8.0	2.0	3.0	9.0	0.0	0.0	6.0	7.0	0.0	2.0	4.0	0.0	2.0	0.0
chr20_26303362	8.0	6.0	2.0	10.0	8.0	8.0	4.0	2.0	4.0	6.0	0.0	8.0	0.0	2.0	6.0	6.0	4.0	4.0
chr20_26344883	2.0	5.0	4.0	14.0	8.0	8.0	12.0	6.0	8.0	6.0	12.0	6.0	10.0	4.0	12.0	12.0	8.0	0.0
chr4_50401607	6.0	4.0	2.0	0.0	2.0	6.0	4.0	8.0	2.0	6.0	4.0	2.0	8.0	2.0	4.0	0.0	4.0	0.0
chr4_50482170	2.0	2.0	8.0	8.0	4.0	4.0	6.0	10.0	6.0	6.0	0.0	0.0	10.0	6.0	4.0	2.0	2.0	4.0
chr1_197831656	10.0	6.0	4.0	10.0	12.0	8.0	4.0	12.0	6.0	14.0	8.0	10.0	8.0	2.0	4.0	4.0	4.0	18.0
chr2_133755969	10.0	18.0	10.0	16.0	10.0	14.0	2.0	6.0	6.0	6.0	10.0	16.0	14.0	16.0	10.0	2.0	4.0	10.0
chr5_47968801	30.0	24.0	27.0	34.0	23.0	23.0	20.0	12.0	20.0	13.0	16.0	15.0	22.0	36.0	18.0	12.0	12.0	18.0
chr8_114001437	8.0	4.0	4.0	2.0	0.0	4.0	4.0	10.0	4.0	4.0	0.0	2.0	4.0	0.0	4.0	6.0	4.0	8.0
chr11_48287053	8.0	2.0	4.0	2.0	4.0	8.0	4.0	6.0	8.0	2.0	2.0	10.0	6.0	2.0	12.0	2.0	0.0	4.0
chr2_14503668	8.0	12.0	6.0	4.0	20.0	12.0	16.0	6.0	8.0	4.0	10.0	12.0	10.0	2.0	12.0	4.0	10.0	2.0
chr15_30850201	10.0	2.0	4.0	12.0	12.0	8.0	2.0	10.0	12.0	6.0	6.0	4.0	4.0	6.0	10.0	4.0	8.0	12.0
chr9_107217439	6.0	0.0	8.0	8.0	4.0	4.0	10.0	6.0	8.0	2.0	2.0	4.0	4.0	8.0	4.0	6.0	12.0	6.0
chr9_107245960	4.0	20.0	18.0	18.0	26.0	18.0	14.0	16.0	14.0	20.0	18.0	18.0	22.0	8.0	24.0	28.0	20.0	10.0
chr9_107257960	10.0	4.0	6.0	4.0	2.0	2.0	6.0	4.0	0.0	6.0	0.0	6.0	6.0	2.0	2.0	8.0	2.0	6.0
chr5_152341661	6.0	6.0	2.0	4.0	4.0	2.0	8.0	4.0	8.0	8.0	4.0	4.0	4.0	2.0	2.0	2.0	4.0	6.0
chr12_31343058	10.0	2.0	4.0	6.0	0.0	0.0	4.0	8.0	0.0	8.0	0.0	6.0	4.0	6.0	2.0	4.0	0.0	4.0
chr3_166021741	20.0	14.0	6.0	18.0	8.0	18.0	10.0	8.0	10.0	10.0	2.0	12.0	14.0	4.0	16.0	12.0	6.0	2.0
chr5_21108540	4.0	6.0	2.0	8.0	10.0	10.0	14.0	0.0	6.0	8.0	6.0	6.0	6.0	8.0	4.0	6.0	8.0	2.0
chrX_64255292	12.0	10.0	10.0	14.0	18.0	6.0	12.0	10.0	8.0	10.0	6.0	8.0	14.0	16.0	0.0	2.0	2.0	2.0
chr5_47432423	12.0	8.0	8.0	14.0	12.0	12.0	12.0	22.0	10.0	18.0	8.0	14.0	17.0	4.0	8.0	6.0	10.0	14.0
chr12_33793864	6.0	4.0	10.0	2.0	0.0	10.0	2.0	12.0	10.0	12.0	6.0	8.0	4.0	12.0	8.0	6.0	4.0	8.0
chr17_68825173	6.0	2.0	6.0	4.0	6.0	4.0	0.0	6.0	10.0	4.0	10.0	6.0	4.0	6.0	8.0	4.0	0.0	6.0
chr16_37582157	10.0	10.0	12.0	12.0	4.0	6.0	8.0	0.0	8.0	2.0	6.0	8.0	10.0	10.0	7.0	12.0	4.0	12.0
chr16_37592678	4.0	0.0	4.0	8.0	8.0	6.0	8.0	4.0	6.0	0.0	0.0	5.0	2.0	6.0	0.0	6.0	2.0	2.0
chr2_39168333	6.0	8.0	16.0	6.0	2.0	10.0	8.0	8.0	8.0	0.0	2.0	2.0	12.0	8.0	6.0	6.0	4.0	0.0
chr1_149597645	16.0	10.0	20.0	14.0	18.0	26.0	18.0	14.0	12.0	6.0	6.0	14.0	14.0	10.0	22.0	12.0	12.0	12.0
chr6_160289020	10.0	12.0	12.0	16.0	14.0	10.0	6.0	4.0	6.0	14.0	6.0	4.0	8.0	10.0	14.0	4.0	4.0	6.0
chr1_120188494	22.0	18.0	20.0	16.0	26.0	12.0	26.0	16.0	24.0	22.0	26.0	32.0	18.0	30.0	22.0	76.0	102.0	42.0
chr12_116620848	4.0	10.0	6.0	6.0	4.0	4.0	4.0	0.0	2.0	4.0	2.0	2.0	2.0	4.0	4.0	2.0	2.0	6.0
chr12_116653890	8.0	2.0	4.0	10.0	6.0	12.0	0.0	10.0	0.0	0.0	4.0	6.0	4.0	2.0	6.0	6.0	2.0	6.0
chr7_23036447	18.0	18.0	26.0	28.0	10.0	26.0	20.0	24.0	20.0	14.0	14.0	38.0	20.0	22.0	6.0	24.0	20.0	10.0
chr9_5240343	16.0	12.0	24.0	12.0	12.0	12.0	16.0	22.0	14.0	10.0	12.0	8.0	10.0	8.0	10.0	20.0	10.0	14.0
chr7_23958640	6.0	6.0	6.0	2.0	6.0	4.0	4.0	2.0	4.0	8.0	0.0	4.0	4.0	8.0	0.0	4.0	0.0	8.0
chr5_71795357	6.0	16.0	10.0	6.0	20.0	4.0	4.0	0.0	8.0	8.0	2.0	6.0	14.0	14.0	8.0	10.0	14.0	12.0
chr4_74717499	24.0	22.0	18.0	28.0	19.0	6.0	24.0	19.0	20.0	13.0	13.0	18.0	26.0	14.0	12.0	20.0	8.0	16.0
chr2_157369357	4.0	12.0	6.0	8.0	4.0	10.0	6.0	4.0	2.0	8.0	8.0	0.0	10.0	4.0	10.0	10.0	10.0	4.0
chr5_75985944	12.0	6.0	0.0	2.0	8.0	2.0	2.0	6.0	4.0	8.0	0.0	0.0	4.0	4.0	8.0	12.0	0.0	2.0
chr11_56964437	16.0	12.0	6.0	8.0	6.0	10.0	6.0	10.0	10.0	6.0	4.0	8.0	10.0	14.0	10.0	4.0	10.0	10.0
chr4_51025069	4.0	4.0	12.0	6.0	4.0	12.0	2.0	8.0	2.0	12.0	12.0	4.0	10.0	7.0	3.0	8.0	2.0	0.0
chr5_43719172	12.0	22.0	10.0	16.0	12.0	12.0	18.0	8.0	4.0	6.0	8.0	6.0	14.0	8.0	14.0	8.0	10.0	12.0
chr2_155396408	8.0	6.0	4.0	4.0	4.0	8.0	6.0	4.0	6.0	2.0	2.0	4.0	6.0	6.0	0.0	4.0	0.0	0.0
chr15_60274873	6.0	6.0	6.0	4.0	2.0	6.0	6.0	0.0	4.0	2.0	2.0	6.0	6.0	8.0	8.0	6.0	6.0	2.0
chr16_20185347	0.0	6.0	0.0	6.0	8.0	4.0	4.0	8.0	2.0	6.0	4.0	4.0	4.0	2.0	8.0	8.0	0.0	6.0
chr12_54901404	6.0	0.0	8.0	2.0	2.0	2.0	4.0	0.0	4.0	2.0	6.0	4.0	4.0	2.0	6.0	0.0	4.0	0.0
chr12_32012562	0.0	6.0	4.0	8.0	0.0	6.0	4.0	8.0	4.0	4.0	4.0	4.0	4.0	6.0	2.0	2.0	2.0	16.0
chr9_77052221	12.0	12.0	6.0	4.0	12.0	10.0	6.0	10.0	8.0	2.0	12.0	10.0	12.0	12.0	12.0	4.0	12.0	14.0
chr9_77055221	7.0	8.0	10.0	8.0	2.0	8.0	12.0	4.0	4.0	4.0	4.0	2.0	16.0	2.0	8.0	14.0	4.0	2.0
chr22_47438423	0.0	6.0	2.0	6.0	6.0	8.0	4.0	2.0	2.0	6.0	0.0	2.0	4.0	2.0	6.0	4.0	0.0	2.0
chr4_50108876	4.0	12.0	6.0	10.0	6.0	9.0	8.0	4.0	4.0	2.0	8.0	8.0	14.0	4.0	6.0	6.0	6.0	6.0
chr4_50170439	6.0	10.0	10.0	6.0	2.0	4.0	10.0	0.0	0.0	8.0	4.0	14.0	10.0	8.0	4.0	6.0	8.0	6.0
chr12_115286882	6.0	0.0	2.0	2.0	2.0	8.0	6.0	2.0	6.0	0.0	2.0	4.0	6.0	2.0	2.0	4.0	10.0	6.0
chr12_115288882	2.0	6.0	2.0	2.0	0.0	4.0	4.0	6.0	6.0	2.0	0.0	0.0	2.0	2.0	8.0	4.0	4.0	10.0
chr4_126032778	0.0	4.0	6.0	6.0	2.0	6.0	4.0	10.0	2.0	2.0	6.0	4.0	0.0	0.0	2.0	8.0	2.0	6.0
chr5_175399629	26.0	28.0	24.0	32.0	28.0	10.0	34.0	26.0	24.0	12.0	22.0	26.0	34.0	20.0	18.0	20.0	14.0	26.0
chr2_45059659	24.0	6.0	22.0	10.0	16.0	22.0	20.0	18.0	16.0	10.0	12.0	16.0	20.0	10.0	24.0	14.0	14.0	10.0
chr4_52205430	8.0	4.0	4.0	10.0	8.0	2.0	2.0	2.0	4.0	4.0	0.0	10.0	8.0	6.0	2.0	10.0	6.0	6.0
chr4_52217430	16.0	6.0	6.0	6.0	8.0	10.0	4.0	4.0	14.0	12.0	8.0	12.0	10.0	8.0	8.0	8.0	18.0	14.0
chr22_11273795	12.0	0.0	12.0	18.0	18.0	14.0	4.0	12.0	18.0	16.0	12.0	14.0	6.0	6.0	18.0	6.0	20.0	10.0
chr14_16400575	12.0	22.0	18.0	24.0	6.0	10.0	6.0	10.0	12.0	12.0	2.0	18.0	10.0	14.0	6.0	4.0	6.0	10.0
chr4_140224236	10.0	6.0	10.0	12.0	10.0	4.0	12.0	14.0	4.0	4.0	4.0	6.0	6.0	4.0	12.0	10.0	6.0	10.0
chr13_39001207	4.0	6.0	8.0	16.0	14.0	10.0	18.0	6.0	8.0	10.0	10.0	10.0	10.0	8.0	14.0	10.0	10.0	14.0
chr1_123358325	6.0	9.0	15.0	6.0	8.0	8.0	4.0	8.0	2.0	4.0	4.0	4.0	6.0	8.0	10.0	1.0	10.0	6.0
chr12_29813445	8.0	6.0	18.0	6.0	18.0	12.0	8.0	6.0	16.0	22.0	18.0	20.0	20.0	12.0	14.0	14.0	8.0	10.0
chr3_162407574	14.0	10.0	8.0	10.0	18.0	8.0	16.0	12.0	6.0	12.0	4.0	10.0	6.0	8.0	10.0	20.0	8.0	12.0
chr16_16841390	24.0	20.0	20.0	14.0	10.0	12.0	10.0	10.0	10.0	14.0	4.0	10.0	8.0	18.0	6.0	22.0	8.0	10.0
chr3_137456699	8.0	12.0	10.0	22.0	16.0	24.0	12.0	8.0	2.0	12.0	6.0	22.0	12.0	4.0	6.0	8.0	8.0	10.0
chr16_9292325	6.0	8.0	8.0	2.0	4.0	14.0	10.0	4.0	14.0	6.0	4.0	10.0	10.0	6.0	6.0	6.0	12.0	10.0
chr1_123514930	2.0	10.0	10.0	4.0	8.0	4.0	4.0	2.0	4.0	2.0	0.0	3.0	4.0	6.0	10.0	4.0	6.0	9.0
chr1_123519930	4.0	8.0	4.0	11.0	6.0	4.0	12.0	6.0	0.0	4.0	6.0	2.0	4.0	0.0	2.0	2.0	2.0	7.0
chr11_54802841	2.0	2.0	6.0	4.0	12.0	4.0	4.0	4.0	12.0	10.0	0.0	6.0	6.0	12.0	2.0	8.0	2.0	6.0
chr5_102190743	4.0	2.0	8.0	6.0	12.0	14.0	2.0	12.0	0.0	4.0	4.0	4.0	4.0	0.0	2.0	4.0	2.0	4.0
chr16_36911174	34.0	18.0	28.0	26.0	22.0	19.0	10.0	20.0	10.0	8.0	10.0	8.0	20.0	23.0	16.0	14.0	8.0	10.0
chr16_36965216	4.0	6.0	12.0	2.0	8.0	2.0	4.0	10.0	0.0	6.0	4.0	2.0	2.0	8.0	2.0	4.0	6.0	2.0
chr7_57031479	8.0	8.0	2.0	8.0	6.0	4.0	2.0	10.0	2.0	4.0	2.0	4.0	8.0	8.0	6.0	2.0	2.0	2.0
chr16_59559848	28.0	22.0	32.0	32.0	24.0	18.0	44.0	24.0	12.0	16.0	12.0	22.0	24.0	34.0	24.0	30.0	10.0	22.0
chr16_14047332	2.0	4.0	4.0	2.0	0.0	4.0	2.0	4.0	0.0	2.0	2.0	10.0	4.0	8.0	4.0	0.0	2.0	2.0
chr5_29486193	10.0	14.0	4.0	12.0	12.0	4.0	6.0	10.0	8.0	8.0	0.0	6.0	2.0	10.0	14.0	6.0	6.0	8.0
chr1_143211941	2393.0	2600.0	2404.0	3541.0	3340.0	2663.0	2140.0	1827.0	1671.0	1647.0	1591.0	2076.0	2573.0	2359.0	2645.0	1854.0	1988.0	2121.0
chr1_143214941	4768.0	4892.0	4479.0	6444.0	6520.0	5110.0	4136.0	3697.0	3650.0	3406.0	3242.0	3977.0	5082.0	4488.0	4774.0	3548.0	3514.0	3927.0
chr1_143220941	689.0	782.0	686.0	1017.0	981.0	746.0	543.0	601.0	508.0	516.0	480.0	554.0	831.0	645.0	764.0	532.0	621.0	585.0
chr1_143230941	520.0	519.0	488.0	762.0	735.0	544.0	455.0	385.0	393.0	316.0	330.0	424.0	553.0	429.0	543.0	435.0	407.0	418.0
chr1_143232462	1267.0	1400.0	1245.0	1850.0	1777.0	1379.0	1107.0	1001.0	966.0	889.0	864.0	1054.0	1422.0	1168.0	1381.0	998.0	992.0	1167.0
chr1_143238462	1729.0	1780.0	1547.0	2735.0	2594.0	1996.0	1373.0	1437.0	1262.0	1232.0	1166.0	1458.0	2014.0	1826.0	1894.0	1414.0	1403.0	1587.0
chr1_143249462	429.0	479.0	451.0	685.0	683.0	558.0	409.0	394.0	353.0	331.0	332.0	425.0	467.0	386.0	491.0	338.0	369.0	451.0
chr1_143251462	693.0	778.0	690.0	1140.0	960.0	816.0	686.0	593.0	519.0	466.0	514.0	604.0	841.0	753.0	768.0	546.0	577.0	601.0
chr1_143253462	2611.0	2834.0	2439.0	4109.0	3776.0	3273.0	2464.0	2093.0	2040.0	1897.0	1771.0	2342.0	3072.0	2822.0	2932.0	2096.0	2224.0	2463.0
chr1_143261983	3660.0	3541.0	3277.0	5513.0	5049.0	4096.0	3145.0	2749.0	2515.0	2427.0	2302.0	3112.0	4026.0	3541.0	3887.0	2915.0	3028.0	3268.0
chr1_143290504	8.0	2.0	4.0	4.0	2.0	4.0	2.0	4.0	4.0	2.0	2.0	4.0	2.0	8.0	6.0	12.0	4.0	8.0
chr8_40434257	26.0	14.0	24.0	14.0	30.0	16.0	16.0	26.0	10.0	12.0	22.0	18.0	20.0	22.0	14.0	16.0	10.0	22.0
chr3_92030746	14.0	6.0	16.0	18.0	12.0	10.0	6.0	6.0	4.0	6.0	6.0	8.0	8.0	4.0	10.0	8.0	8.0	4.0
chr3_92070788	28.0	28.0	16.0	26.0	28.0	34.0	16.0	38.0	24.0	20.0	8.0	22.0	20.0	26.0	28.0	13.0	20.0	12.0
chr3_92097309	10.0	10.0	26.0	8.0	12.0	16.0	18.0	10.0	14.0	8.0	6.0	12.0	6.0	8.0	8.0	10.0	0.0	6.0
chr20_43815256	6.0	6.0	2.0	10.0	0.0	4.0	12.0	4.0	0.0	6.0	6.0	4.0	2.0	2.0	6.0	2.0	6.0	6.0
chr9_86191462	10.0	6.0	10.0	6.0	12.0	4.0	6.0	10.0	12.0	0.0	2.0	0.0	10.0	8.0	18.0	2.0	10.0	10.0
chr12_39159333	4.0	0.0	6.0	4.0	12.0	4.0	6.0	8.0	4.0	6.0	10.0	2.0	4.0	2.0	6.0	4.0	4.0	4.0
chr16_38074014	0.0	6.0	8.0	6.0	6.0	8.0	6.0	8.0	6.0	2.0	6.0	4.0	6.0	12.0	8.0	8.0	4.0	2.0
chr20_56107807	14.0	16.0	18.0	8.0	20.0	18.0	4.0	12.0	10.0	16.0	4.0	12.0	18.0	16.0	20.0	12.0	16.0	12.0
chr7_42581853	14.0	12.0	6.0	10.0	10.0	8.0	16.0	12.0	10.0	8.0	8.0	12.0	18.0	10.0	8.0	6.0	6.0	18.0
chr19_32258251	4.0	6.0	10.0	4.0	2.0	4.0	10.0	0.0	4.0	2.0	2.0	2.0	4.0	2.0	8.0	2.0	2.0	4.0
chr3_93634443	14.0	10.0	8.0	6.0	2.0	6.0	12.0	2.0	4.0	10.0	4.0	4.0	6.0	6.0	6.0	2.0	2.0	2.0
chr9_120056889	28.0	20.0	26.0	30.0	30.0	28.0	36.0	18.0	14.0	26.0	26.0	16.0	38.0	34.0	26.0	32.0	22.0	38.0
chr6_52204430	6.0	0.0	12.0	18.0	14.0	12.0	12.0	12.0	12.0	12.0	8.0	4.0	20.0	8.0	8.0	14.0	2.0	2.0
chr3_128519626	4.0	4.0	4.0	4.0	4.0	2.0	4.0	0.0	0.0	0.0	2.0	4.0	10.0	4.0	2.0	4.0	4.0	2.0
chr3_128589668	4.0	2.0	4.0	6.0	4.0	2.0	8.0	2.0	8.0	8.0	2.0	2.0	3.0	6.0	6.0	4.0	4.0	2.0
chr1_170089723	14.0	24.0	16.0	10.0	10.0	16.0	14.0	8.0	10.0	24.0	6.0	16.0	24.0	24.0	14.0	14.0	6.0	18.0
chr1_143184420	680.0	706.0	644.0	907.0	1013.0	784.0	627.0	517.0	525.0	520.0	486.0	579.0	762.0	699.0	758.0	560.0	482.0	589.0
chr1_143191420	4070.0	4342.0	3734.0	5616.0	5450.0	4487.0	3478.0	3250.0	2904.0	2787.0	2613.0	3426.0	4392.0	3704.0	4342.0	3334.0	3105.0	3512.0
chr1_143199420	746.0	782.0	800.0	1155.0	1042.0	888.0	671.0	704.0	560.0	518.0	542.0	643.0	826.0	744.0	769.0	624.0	675.0	685.0
chr7_10289560	7.0	4.0	6.0	8.0	4.0	10.0	0.0	0.0	6.0	2.0	4.0	2.0	6.0	4.0	18.0	0.0	8.0	8.0
chr4_114048958	8.0	2.0	6.0	6.0	4.0	10.0	2.0	8.0	6.0	0.0	6.0	0.0	2.0	6.0	6.0	8.0	0.0	6.0
chr16_60876814	12.0	14.0	14.0	14.0	8.0	22.0	18.0	8.0	4.0	8.0	8.0	14.0	20.0	14.0	14.0	12.0	14.0	12.0
chr1_186638903	14.0	12.0	4.0	14.0	16.0	2.0	12.0	10.0	12.0	4.0	18.0	4.0	8.0	6.0	6.0	4.0	4.0	2.0
chr2_73181365	8.0	6.0	8.0	6.0	2.0	8.0	12.0	6.0	2.0	6.0	2.0	12.0	12.0	6.0	12.0	8.0	4.0	2.0
chr22_13625517	6.0	2.0	10.0	4.0	4.0	6.0	4.0	0.0	4.0	0.0	2.0	6.0	10.0	0.0	10.0	0.0	0.0	0.0
chr10_56443059	10.0	12.0	6.0	2.0	2.0	6.0	4.0	10.0	8.0	6.0	4.0	2.0	4.0	6.0	4.0	4.0	2.0	6.0
chr6_18082314	12.0	6.0	16.0	8.0	8.0	4.0	4.0	8.0	2.0	4.0	4.0	6.0	8.0	6.0	0.0	0.0	4.0	2.0
chr20_28139706	10.0	10.0	2.0	0.0	2.0	6.0	6.0	6.0	10.0	5.0	2.0	2.0	4.0	2.0	2.0	2.0	10.0	4.0
chr6_5887326	14.0	10.0	6.0	14.0	10.0	8.0	6.0	4.0	2.0	10.0	6.0	12.0	10.0	8.0	6.0	4.0	4.0	14.0
chr10_11734131	6.0	10.0	8.0	8.0	12.0	4.0	6.0	6.0	6.0	4.0	2.0	4.0	6.0	0.0	4.0	6.0	12.0	8.0
chr2_182562921	14.0	12.0	6.0	12.0	12.0	8.0	6.0	10.0	8.0	12.0	12.0	12.0	18.0	12.0	18.0	6.0	2.0	12.0
chr4_50919985	6.0	20.0	10.0	11.0	9.0	6.0	6.0	2.0	4.0	6.0	0.0	2.0	10.0	4.0	6.0	4.0	2.0	6.0
chr21_22956884	2.0	2.0	8.0	2.0	2.0	6.0	4.0	2.0	4.0	4.0	4.0	2.0	8.0	2.0	6.0	2.0	4.0	4.0
chr4_127861643	14.0	14.0	16.0	18.0	14.0	6.0	10.0	4.0	4.0	16.0	18.0	6.0	12.0	14.0	4.0	6.0	12.0	26.0
chr12_28038143	8.0	18.0	6.0	12.0	8.0	18.0	12.0	8.0	6.0	14.0	6.0	14.0	14.0	8.0	2.0	12.0	12.0	12.0
chr3_88656268	4.0	2.0	14.0	5.0	0.0	6.0	2.0	5.0	6.0	0.0	2.0	4.0	2.0	4.0	0.0	6.0	6.0	4.0
chr12_59146033	12.0	8.0	10.0	16.0	6.0	8.0	8.0	6.0	6.0	12.0	8.0	10.0	2.0	14.0	6.0	8.0	6.0	6.0
chr1_124330039	0.0	11.0	8.0	4.0	10.0	8.0	8.0	4.0	4.0	0.0	5.0	6.0	2.0	5.0	6.0	5.0	0.0	6.0
chr1_124346039	20.0	12.0	18.0	6.0	17.0	19.0	18.0	13.0	6.0	8.0	5.0	6.0	15.0	4.0	8.0	10.0	8.0	10.0
chr2_181767333	10.0	6.0	8.0	8.0	16.0	14.0	0.0	8.0	12.0	2.0	6.0	8.0	22.0	12.0	6.0	13.0	14.0	4.0
chr1_34567452	20.0	24.0	26.0	20.0	18.0	20.0	10.0	18.0	12.0	4.0	16.0	24.0	10.0	26.0	20.0	22.0	12.0	18.0
chr5_71140374	12.0	6.0	10.0	20.0	20.0	14.0	8.0	10.0	16.0	8.0	4.0	14.0	14.0	6.0	28.0	20.0	8.0	18.0
chr5_71150374	6.0	6.0	10.0	4.0	12.0	4.0	4.0	0.0	2.0	4.0	0.0	6.0	8.0	2.0	8.0	0.0	2.0	6.0
chr1_96853795	6.0	4.0	10.0	10.0	14.0	8.0	8.0	4.0	8.0	6.0	8.0	14.0	4.0	10.0	12.0	10.0	0.0	22.0
chr1_232278024	8.0	6.0	6.0	4.0	6.0	6.0	2.0	0.0	0.0	4.0	2.0	4.0	6.0	10.0	0.0	0.0	6.0	0.0
chr3_185562626	26.0	28.0	34.0	40.0	40.0	44.0	28.0	22.0	24.0	38.0	20.0	38.0	30.0	18.0	34.0	44.0	36.0	24.0
chr3_185568626	18.0	20.0	8.0	18.0	10.0	12.0	18.0	22.0	8.0	26.0	12.0	12.0	18.0	14.0	20.0	30.0	12.0	10.0
chr13_76544843	12.0	0.0	16.0	14.0	10.0	8.0	14.0	6.0	4.0	6.0	12.0	6.0	16.0	8.0	20.0	4.0	4.0	6.0
chr12_41083240	22.0	10.0	10.0	22.0	16.0	24.0	28.0	18.0	6.0	12.0	12.0	12.0	12.0	20.0	10.0	20.0	4.0	8.0
chr12_114564336	22.0	16.0	8.0	16.0	12.0	18.0	8.0	10.0	0.0	10.0	6.0	8.0	6.0	12.0	6.0	8.0	4.0	12.0
chr1_123668056	12.0	14.0	6.0	10.0	14.0	8.0	8.0	6.0	10.0	2.0	6.0	0.0	10.0	10.0	10.0	2.0	0.0	4.0
chr8_125585963	12.0	4.0	14.0	6.0	6.0	8.0	8.0	6.0	2.0	4.0	10.0	10.0	4.0	4.0	2.0	2.0	2.0	10.0
chr5_143855403	4.0	2.0	0.0	10.0	8.0	6.0	2.0	8.0	0.0	4.0	0.0	4.0	0.0	2.0	2.0	4.0	4.0	6.0
chr2_222150069	24.0	20.0	30.0	30.0	34.0	20.0	14.0	20.0	14.0	8.0	20.0	24.0	22.0	12.0	30.0	38.0	8.0	16.0
chr5_105514179	2.0	10.0	0.0	2.0	6.0	4.0	4.0	2.0	6.0	0.0	4.0	2.0	2.0	4.0	2.0	0.0	6.0	4.0
chr5_105516179	18.0	8.0	4.0	14.0	12.0	8.0	12.0	6.0	4.0	8.0	6.0	8.0	4.0	8.0	0.0	6.0	2.0	8.0
chr7_9399409	44.0	12.0	24.0	18.0	26.0	28.0	28.0	16.0	18.0	14.0	12.0	38.0	18.0	28.0	18.0	26.0	6.0	22.0
chr3_146734024	8.0	12.0	16.0	12.0	2.0	8.0	12.0	8.0	12.0	8.0	8.0	6.0	16.0	8.0	14.0	4.0	12.0	8.0
chr4_133735969	16.0	6.0	10.0	8.0	6.0	14.0	14.0	6.0	10.0	5.0	4.0	6.0	14.0	4.0	8.0	6.0	4.0	8.0
chr12_37824846	6.0	0.0	4.0	6.0	16.0	6.0	8.0	2.0	6.0	6.0	6.0	6.0	0.0	4.0	8.0	8.0	4.0	2.0
chr5_114674420	6.0	4.0	6.0	4.0	8.0	6.0	6.0	6.0	0.0	4.0	0.0	6.0	4.0	6.0	4.0	8.0	6.0	2.0
chr4_189137751	6.0	4.0	2.0	10.0	6.0	4.0	0.0	4.0	4.0	6.0	2.0	4.0	8.0	6.0	2.0	6.0	2.0	2.0
chr3_93318191	8.0	8.0	6.0	4.0	14.0	6.0	8.0	0.0	2.0	4.0	2.0	10.0	4.0	8.0	8.0	6.0	0.0	6.0
chr3_93357233	10.0	8.0	16.0	14.0	24.0	6.0	10.0	12.0	10.0	22.0	14.0	18.0	8.0	10.0	10.0	12.0	12.0	10.0
chr3_93369233	0.0	6.0	0.0	12.0	8.0	8.0	8.0	6.0	6.0	2.0	6.0	4.0	8.0	6.0	14.0	4.0	2.0	6.0
chr2_180168157	4.0	6.0	2.0	4.0	4.0	6.0	8.0	2.0	6.0	8.0	4.0	4.0	4.0	6.0	8.0	4.0	6.0	4.0
chr6_26843261	4.0	4.0	6.0	12.0	2.0	0.0	4.0	2.0	4.0	2.0	4.0	4.0	0.0	0.0	8.0	0.0	0.0	2.0
chr12_36722527	4.0	4.0	2.0	8.0	6.0	18.0	2.0	2.0	9.0	6.0	2.0	4.0	4.0	6.0	2.0	6.0	8.0	2.0
chr4_50024313	14.0	12.0	12.0	16.0	18.0	4.0	17.0	12.0	2.0	0.0	8.0	6.0	12.0	16.0	12.0	6.0	4.0	10.0
chr19_43865298	8.0	16.0	9.0	12.0	10.0	8.0	12.0	12.0	12.0	6.0	6.0	2.0	12.0	8.0	14.0	2.0	8.0	10.0
chr12_111916404	6.0	4.0	10.0	16.0	18.0	10.0	6.0	10.0	6.0	4.0	4.0	0.0	10.0	8.0	6.0	10.0	2.0	8.0
chr13_17215163	14.0	12.0	4.0	2.0	6.0	4.0	4.0	2.0	4.0	8.0	4.0	4.0	4.0	0.0	5.0	2.0	2.0	0.0
chr2_4401234	6.0	6.0	10.0	6.0	4.0	8.0	4.0	2.0	4.0	10.0	4.0	4.0	8.0	8.0	2.0	4.0	4.0	8.0
chr5_111164337	10.0	10.0	10.0	12.0	10.0	16.0	18.0	4.0	8.0	58.0	54.0	34.0	14.0	12.0	18.0	84.0	88.0	48.0
chr2_142611000	8.0	8.0	8.0	16.0	0.0	12.0	8.0	12.0	12.0	6.0	2.0	4.0	4.0	8.0	10.0	8.0	4.0	4.0
chr16_36367275	0.0	8.0	4.0	6.0	4.0	2.0	4.0	8.0	4.0	4.0	2.0	6.0	4.0	2.0	6.0	12.0	6.0	6.0
chr16_36390275	8.0	10.0	20.0	14.0	14.0	10.0	4.0	12.0	6.0	4.0	10.0	6.0	14.0	11.0	14.0	16.0	4.0	6.0
chr6_141566723	10.0	14.0	16.0	18.0	18.0	10.0	12.0	10.0	7.0	14.0	8.0	10.0	16.0	10.0	22.0	2.0	12.0	18.0
chr6_23071968	4.0	2.0	0.0	2.0	4.0	4.0	2.0	2.0	4.0	4.0	0.0	4.0	0.0	4.0	8.0	2.0	4.0	2.0
chr12_87680554	14.0	10.0	16.0	2.0	12.0	18.0	8.0	12.0	16.0	12.0	10.0	16.0	6.0	20.0	18.0	12.0	8.0	8.0
chr16_37442552	12.0	6.0	12.0	10.0	8.0	16.0	6.0	6.0	0.0	6.0	4.0	6.0	12.0	8.0	10.0	8.0	8.0	18.0
chr6_117107226	4.0	6.0	2.0	4.0	6.0	2.0	0.0	2.0	4.0	4.0	2.0	4.0	4.0	4.0	4.0	4.0	2.0	4.0
chr2_227823227	20.0	16.0	8.0	14.0	12.0	14.0	20.0	6.0	8.0	16.0	12.0	10.0	12.0	10.0	10.0	14.0	18.0	12.0
chr8_44742928	2.0	2.0	4.0	8.0	10.0	8.0	2.0	4.0	2.0	2.0	0.0	6.0	4.0	4.0	9.0	7.0	5.0	4.0
chr15_96897837	4.0	8.0	4.0	6.0	10.0	2.0	2.0	8.0	6.0	10.0	8.0	2.0	4.0	2.0	6.0	4.0	6.0	4.0
chr4_49184204	4.0	4.0	2.0	4.0	8.0	6.0	6.0	6.0	2.0	6.0	4.0	4.0	6.0	4.0	0.0	0.0	2.0	6.0
chr7_58588134	16.0	20.0	22.0	38.0	16.0	24.0	16.0	10.0	12.0	8.0	14.0	22.0	22.0	18.0	10.0	16.0	10.0	12.0
chr7_58594134	6.0	10.0	8.0	10.0	4.0	2.0	10.0	8.0	6.0	2.0	2.0	18.0	10.0	6.0	6.0	4.0	0.0	8.0
chr1_122988552	4.0	12.0	4.0	6.0	6.0	6.0	8.0	4.0	2.0	6.0	2.0	1.0	8.0	4.0	8.0	8.0	10.0	0.0
chr1_122997552	23.0	27.0	20.0	18.0	11.0	12.0	10.0	14.0	18.0	20.0	6.0	5.0	12.0	8.0	15.0	6.0	10.0	10.0
chr20_30747638	6.0	6.0	16.0	4.0	2.0	4.0	4.0	6.0	4.0	2.0	4.0	14.0	0.0	6.0	6.0	10.0	4.0	12.0
chr1_158120424	16.0	8.0	8.0	14.0	10.0	2.0	4.0	10.0	12.0	8.0	14.0	12.0	12.0	8.0	8.0	2.0	4.0	2.0
chr1_188558331	6.0	8.0	4.0	10.0	4.0	12.0	12.0	8.0	6.0	6.0	4.0	2.0	8.0	12.0	4.0	2.0	10.0	8.0
chr14_44643365	6.0	2.0	4.0	2.0	10.0	10.0	8.0	6.0	6.0	4.0	4.0	6.0	2.0	4.0	4.0	6.0	2.0	4.0
chr22_13004055	12.0	2.0	2.0	2.0	10.0	4.0	0.0	0.0	4.0	2.0	6.0	4.0	4.0	0.0	6.0	0.0	0.0	2.0
chr2_110059018	10.0	8.0	12.0	18.0	8.0	20.0	18.0	16.0	4.0	8.0	10.0	18.0	20.0	14.0	10.0	6.0	12.0	4.0
chr2_153009644	10.0	6.0	4.0	8.0	10.0	10.0	4.0	4.0	6.0	6.0	6.0	6.0	12.0	10.0	20.0	10.0	2.0	10.0
chr12_55082051	18.0	12.0	16.0	20.0	12.0	16.0	20.0	20.0	8.0	10.0	10.0	18.0	22.0	12.0	20.0	14.0	12.0	14.0
chr9_119064654	6.0	2.0	12.0	8.0	4.0	8.0	14.0	8.0	0.0	8.0	4.0	4.0	2.0	4.0	6.0	6.0	2.0	12.0
chrX_110817085	6.0	4.0	6.0	14.0	8.0	2.0	4.0	8.0	4.0	8.0	8.0	2.0	8.0	2.0	4.0	2.0	8.0	2.0
chr2_13355828	2.0	4.0	12.0	8.0	6.0	6.0	10.0	6.0	4.0	6.0	4.0	2.0	6.0	10.0	2.0	4.0	8.0	4.0
chr6_40902114	2.0	8.0	2.0	2.0	2.0	6.0	10.0	8.0	8.0	6.0	0.0	4.0	6.0	4.0	2.0	8.0	0.0	2.0
chrX_70100097	16.0	22.0	26.0	14.0	16.0	22.0	30.0	24.0	6.0	18.0	10.0	8.0	18.0	16.0	14.0	14.0	16.0	6.0
chr5_166966934	8.0	16.0	10.0	6.0	4.0	4.0	10.0	16.0	18.0	4.0	12.0	10.0	10.0	10.0	6.0	14.0	12.0	12.0
chr5_166970934	4.0	6.0	4.0	6.0	6.0	6.0	4.0	8.0	4.0	4.0	4.0	8.0	4.0	2.0	6.0	2.0	4.0	6.0
chr20_39369980	6.0	30.0	12.0	22.0	28.0	10.0	18.0	12.0	18.0	24.0	18.0	32.0	16.0	18.0	18.0	12.0	12.0	10.0
chr1_146419293	30.0	26.0	28.0	30.0	46.0	32.0	32.0	22.0	14.0	32.0	20.0	20.0	34.0	26.0	38.0	24.0	20.0	28.0
chr8_45215785	2.0	4.0	6.0	4.0	0.0	0.0	4.0	2.0	0.0	2.0	4.0	8.0	8.0	4.0	8.0	2.0	2.0	6.0
chr10_111586152	4.0	4.0	6.0	4.0	2.0	2.0	2.0	6.0	4.0	10.0	4.0	6.0	2.0	0.0	10.0	2.0	2.0	8.0
chr21_17376289	28.0	14.0	32.0	50.0	18.0	28.0	24.0	26.0	22.0	12.0	16.0	22.0	26.0	14.0	18.0	24.0	8.0	19.0
chr5_58051235	6.0	6.0	20.0	10.0	10.0	12.0	12.0	8.0	18.0	18.0	12.0	16.0	8.0	12.0	12.0	8.0	8.0	18.0
chr15_28466958	12.0	6.0	10.0	8.0	6.0	18.0	10.0	6.0	8.0	8.0	6.0	12.0	12.0	6.0	6.0	2.0	6.0	6.0
chr15_28480958	8.0	12.0	2.0	2.0	4.0	4.0	4.0	4.0	2.0	6.0	2.0	2.0	8.0	0.0	2.0	4.0	0.0	12.0
chr15_28482958	4.0	0.0	2.0	2.0	2.0	2.0	2.0	0.0	0.0	2.0	4.0	6.0	6.0	4.0	2.0	2.0	2.0	6.0
chr1_197789614	4.0	6.0	6.0	0.0	4.0	0.0	4.0	2.0	2.0	8.0	2.0	8.0	4.0	4.0	6.0	2.0	2.0	2.0
chr3_103557230	18.0	6.0	22.0	6.0	10.0	4.0	4.0	16.0	4.0	2.0	4.0	6.0	8.0	12.0	8.0	8.0	2.0	4.0
chr21_11527484	8.0	4.0	12.0	2.0	14.0	3.0	2.0	6.0	8.0	0.0	0.0	4.0	2.0	4.0	4.0	0.0	6.0	0.0
chr21_11545484	10.0	2.0	2.0	8.0	6.0	12.0	4.0	2.0	10.0	4.0	6.0	2.0	10.0	4.0	8.0	6.0	4.0	12.0
chr2_81351892	6.0	4.0	2.0	6.0	6.0	6.0	2.0	4.0	0.0	6.0	4.0	4.0	4.0	4.0	0.0	4.0	2.0	3.0
chr2_81354892	38.0	18.0	48.0	48.0	34.0	34.0	24.0	32.0	28.0	18.0	14.0	36.0	28.0	22.0	16.0	26.0	30.0	42.0
chr2_83769177	18.0	12.0	20.0	16.0	32.0	22.0	24.0	24.0	12.0	18.0	12.0	20.0	24.0	8.0	16.0	12.0	20.0	10.0
chr5_48474179	12.0	18.0	4.0	30.0	16.0	13.0	18.0	16.0	9.0	8.0	14.0	9.0	20.0	10.0	5.0	17.0	11.0	7.0
chr13_59028949	8.0	10.0	6.0	12.0	14.0	10.0	14.0	6.0	8.0	10.0	4.0	8.0	4.0	4.0	8.0	8.0	14.0	6.0
chr7_47165213	6.0	8.0	10.0	4.0	2.0	4.0	2.0	4.0	2.0	0.0	4.0	4.0	2.0	6.0	4.0	6.0	8.0	10.0
chr4_59079991	14.0	24.0	20.0	20.0	18.0	12.0	22.0	8.0	12.0	26.0	10.0	28.0	8.0	16.0	8.0	22.0	20.0	12.0
chr5_181347518	20.0	20.0	6.0	20.0	18.0	18.0	14.0	12.0	10.0	0.0	16.0	12.0	20.0	10.0	12.0	16.0	8.0	8.0
chr10_6371183	6.0	8.0	0.0	4.0	11.0	4.0	2.0	8.0	0.0	0.0	4.0	6.0	2.0	6.0	2.0	4.0	2.0	2.0
